person	pod	label
d0::span:0:11	d0::span:29:40	True
d1::span:0:4	d1::span:295:302	True
d4::span:13:22	d4::span:33:37	True
d5::span:0:6	d5::span:123:129	True
d6::span:16:21	d6::span:415:428	True
d9::span:0:18	d9::span:205:210	True
d11::span:0:3	d11::span:25:35	True
d13::span:0:17	d13::span:37:43	True
d14::span:327:333	d14::span:752:761	True
d18::span:0:4	d18::span:40:44	True
d19::span:0:15	d19::span:45:54	True
d22::span:0:10	d22::span:237:244	True
d23::span:83:88	d23::span:256:266	True
d24::span:0:3	d24::span:527:542	True
d26::span:0:15	d26::span:39:47	True
d29::span:211:225	d29::span:141:164	True
d30::span:24:39	d30::span:50:59	True
d31::span:304:309	d31::span:505:513	True
d34::span:0:5	d34::span:380:385	True
d35::span:0:6	d35::span:16:23	True
d36::span:0:9	d36::span:52:59	True
d37::span:0:10	d37::span:164:171	True
d38::span:0:10	d38::span:20:26	True
d40::span:0:9	d40::span:188:196	True
d41::span:0:12	d41::span:675:681	True
d43::span:0:13	d43::span:57:65	True
d45::span:0:3	d45::span:51:59	True
d49::span:28:37	d49::span:556:561	True
d51::span:0:19	d51::span:821:826	True
d52::span:0:8	d52::span:88:95	True
d53::span:0:5	d53::span:167:172	True
d54::span:0:6	d54::span:210:215	True
d56::span:0:5	d56::span:173:182	True
d61::span:0:4	d61::span:129:144	True
d62::span:192:206	d62::span:364:372	True
d63::span:0:6	d63::span:28:38	True
d66::span:0:4	d66::span:14:21	True
d70::span:0:4	d70::span:342:350	True
d71::span:0:15	d71::span:35:44	True
d74::span:20:27	d74::span:374:386	True
d79::span:0:8	d79::span:787:793	True
d83::span:0:12	d83::span:53:63	True
d84::span:52:56	d84::span:83:89	True
d85::span:0:7	d85::span:1257:1266	True
d87::span:0:5	d87::span:83:93	True
d88::span:0:5	d88::span:360:364	True
d89::span:0:15	d89::span:172:179	True
d90::span:21:33	d90::span:43:58	True
d91::span:0:12	d91::span:37:45	True
d95::span:0:3	d95::span:191:198	True
d96::span:0:6	d96::span:279:286	True
d97::span:101:108	d97::span:238:242	True
d98::span:0:19	d98::span:271:274	True
d99::span:431:441	d99::span:423:428	True
d102::span:0:6	d102::span:295:304	True
d103::span:0:5	d103::span:559:563	True
d106::span:0:5	d106::span:47:53	True
d107::span:0:19	d107::span:133:140	True
d108::span:0:6	d108::span:56:64	True
d109::span:9:15	d109::span:260:265	True
d110::span:0:8	d110::span:30:35	True
d112::span:0:6	d112::span:273:280	True
d117::span:239:244	d117::span:88:94	True
d120::span:0:12	d120::span:30:39	True
d121::span:0:8	d121::span:51:59	True
d122::span:0:11	d122::span:827:837	True
d123::span:0:17	d123::span:45:50	True
d124::span:0:6	d124::span:141:149	True
d125::span:0:5	d125::span:35:46	True
d126::span:0:9	d126::span:31:41	True
d129::span:7:11	d129::span:66:78	True
d131::span:0:6	d131::span:1620:1625	True
d132::span:0:5	d132::span:225:235	True
d134::span:47:62	d134::span:157:165	True
d135::span:0:7	d135::span:488:499	True
d136::span:0:8	d136::span:30:37	True
d140::span:0:15	d140::span:95:100	True
d141::span:0:7	d141::span:389:398	True
d147::span:31:36	d147::span:208:216	True
d149::span:0:5	d149::span:23:31	True
d150::span:1436:1452	d150::span:376:384	True
d151::span:0:4	d151::span:83:90	True
d152::span:0:13	d152::span:61:73	True
d153::span:0:6	d153::span:124:133	True
d154::span:0:19	d154::span:314:321	True
d155::span:655:661	d155::span:2928:2933	True
d157::span:0:5	d157::span:35:41	True
d161::span:425:433	d161::span:872:891	True
d162::span:141:148	d162::span:166:173	True
d163::span:0:12	d163::span:71:76	True
d164::span:7:14	d164::span:87:96	True
d166::span:0:3	d166::span:290:295	True
d167::span:19:23	d167::span:147:155	True
d168::span:0:6	d168::span:70:75	True
d170::span:7:12	d170::span:129:141	True
d173::span:0:13	d173::span:81:87	True
d174::span:0:4	d174::span:130:135	True
d176::span:0:4	d176::span:26:36	True
d179::span:0:5	d179::span:192:198	True
d180::span:0:10	d180::span:38:50	True
d181::span:0:6	d181::span:189:196	True
d182::span:0:4	d182::span:495:516	True
d183::span:73:78	d183::span:442:450	True
d184::span:0:7	d184::span:113:128	True
d185::span:0:3	d185::span:26:31	True
d187::span:17:20	d187::span:767:772	True
d188::span:0:12	d188::span:30:35	True
d189::span:0:7	d189::span:56:61	True
d190::span:0:9	d190::span:321:347	True
d191::span:0:5	d191::span:159:179	True
d192::span:0:5	d192::span:41:49	True
d193::span:0:4	d193::span:76:82	True
d195::span:0:11	d195::span:95:101	True
d196::span:0:3	d196::span:195:200	True
d197::span:0:4	d197::span:86:95	True
d201::span:325:330	d201::span:71:81	True
d203::span:0:6	d203::span:33:47	True
d204::span:14:19	d204::span:482:490	True
d205::span:0:10	d205::span:28:35	True
d206::span:0:16	d206::span:34:46	True
d209::span:103:110	d209::span:312:322	True
d210::span:991:997	d210::span:193:200	True
d212::span:0:18	d212::span:105:114	True
d214::span:187:193	d214::span:34:48	True
d215::span:0:4	d215::span:290:293	True
d217::span:0:15	d217::span:25:34	True
d218::span:0:4	d218::span:167:172	True
d219::span:0:7	d219::span:60:71	True
d221::span:8:14	d221::span:75:83	True
d224::span:0:6	d224::span:245:252	True
d225::span:55:64	d225::span:614:622	True
d227::span:0:13	d227::span:40:45	True
d228::span:191:203	d228::span:221:225	True
d229::span:129:136	d229::span:75:82	True
d235::span:202:205	d235::span:256:264	True
d237::span:0:3	d237::span:13:21	True
d245::span:168:191	d245::span:399:405	True
d246::span:91:96	d246::span:146:153	True
d248::span:0:5	d248::span:710:714	True
d249::span:17:21	d249::span:194:207	True
d251::span:110:116	d251::span:73:80	True
d252::span:15:18	d252::span:57:61	True
d253::span:0:3	d253::span:49:52	True
d256::span:42:48	d256::span:122:135	True
d257::span:0:6	d257::span:17:27	True
d260::span:13:18	d260::span:245:252	True
d261::span:0:9	d261::span:194:199	True
d262::span:107:115	d262::span:316:327	True
d264::span:9:16	d264::span:422:431	True
d265::span:0:31	d265::span:66:73	True
d266::span:329:341	d266::span:37:44	True
d271::span:0:5	d271::span:21:31	True
d272::span:111:116	d272::span:90:102	True
d273::span:0:5	d273::span:130:145	True
d274::span:4:9	d274::span:59:79	True
d275::span:0:8	d275::span:40:48	True
d277::span:0:5	d277::span:129:135	True
d279::span:452:457	d279::span:222:226	True
d281::span:0:7	d281::span:20:29	True
d284::span:0:5	d284::span:1210:1217	True
d286::span:5:11	d286::span:339:342	True
d287::span:0:3	d287::span:185:198	True
d288::span:0:7	d288::span:17:32	True
d291::span:0:12	d291::span:128:135	True
d294::span:39:44	d294::span:16:19	True
d295::span:0:8	d295::span:356:366	True
d299::span:16:23	d299::span:47:55	True
d300::span:232:244	d300::span:1402:1409	True
d301::span:0:4	d301::span:14:24	True
d302::span:0:5	d302::span:35:43	True
d303::span:731:740	d303::span:466:473	True
d304::span:29:32	d304::span:144:152	True
d305::span:13:19	d305::span:104:111	True
d309::span:347:353	d309::span:443:451	True
d310::span:43:48	d310::span:68:77	True
d312::span:0:5	d312::span:15:26	True
d313::span:0:6	d313::span:20:27	True
d316::span:30:34	d316::span:85:93	True
d317::span:0:12	d317::span:230:239	True
d318::span:42:48	d318::span:155:168	True
d319::span:76:89	d319::span:117:123	True
d320::span:12:15	d320::span:407:415	True
d324::span:15:18	d324::span:315:324	True
d325::span:0:8	d325::span:35:45	True
d327::span:0:6	d327::span:312:317	True
d335::span:0:11	d335::span:21:30	True
d337::span:29:33	d337::span:374:381	True
d338::span:86:93	d338::span:205:211	True
d339::span:19:26	d339::span:56:63	True
d341::span:0:4	d341::span:255:270	True
d342::span:0:3	d342::span:39:44	True
d343::span:51:55	d343::span:939:951	True
d346::span:18:33	d346::span:84:89	True
d347::span:5:24	d347::span:119:126	True
d348::span:0:5	d348::span:57:68	True
d349::span:0:17	d349::span:164:168	True
d350::span:0:17	d350::span:63:72	True
d351::span:0:6	d351::span:28:38	True
d352::span:153:161	d352::span:81:85	True
d354::span:4:11	d354::span:51:58	True
d355::span:0:3	d355::span:237:243	True
d357::span:9:13	d357::span:238:244	True
d358::span:0:13	d358::span:205:217	True
d360::span:0:5	d360::span:155:160	True
d361::span:0:6	d361::span:20:26	True
d362::span:562:574	d362::span:452:456	True
d363::span:0:9	d363::span:354:365	True
d365::span:42:48	d365::span:16:24	True
d366::span:38:42	d366::span:622:629	True
d367::span:0:6	d367::span:28:36	True
d369::span:0:7	d369::span:47:54	True
d372::span:219:227	d372::span:466:471	True
d374::span:0:2	d374::span:30:42	True
d377::span:0:4	d377::span:26:32	True
d378::span:0:5	d378::span:64:74	True
d380::span:18:26	d380::span:48:56	True
d383::span:11:17	d383::span:27:37	True
d385::span:0:13	d385::span:83:91	True
d389::span:44:46	d389::span:196:199	True
d391::span:0:23	d391::span:521:528	True
d392::span:0:8	d392::span:30:48	True
d394::span:0:12	d394::span:39:45	True
d397::span:219:225	d397::span:435:446	True
d398::span:87:105	d398::span:127:133	True
d399::span:0:4	d399::span:26:29	True
d401::span:0:23	d401::span:415:422	True
d403::span:0:12	d403::span:171:182	True
d404::span:0:8	d404::span:50:63	True
d407::span:0:7	d407::span:22:29	True
d411::span:9:13	d411::span:891:901	True
d412::span:0:4	d412::span:64:74	True
d413::span:0:12	d413::span:186:191	True
d414::span:0:5	d414::span:129:138	True
d415::span:0:6	d415::span:112:120	True
d418::span:0:4	d418::span:26:32	True
d419::span:0:6	d419::span:98:108	True
d420::span:0:14	d420::span:24:57	True
d429::span:0:7	d429::span:414:429	True
d432::span:0:11	d432::span:104:111	True
d433::span:0:6	d433::span:16:25	True
d435::span:0:4	d435::span:115:120	True
d437::span:0:9	d437::span:327:333	True
d438::span:25:35	d438::span:140:148	True
d439::span:35:40	d439::span:150:194	True
d443::span:0:9	d443::span:125:128	True
d444::span:0:12	d444::span:344:362	True
d445::span:0:5	d445::span:213:224	True
d446::span:0:5	d446::span:458:465	True
d447::span:0:5	d447::span:575:590	True
d452::span:0:6	d452::span:168:176	True
d454::span:0:5	d454::span:27:32	True
d456::span:0:5	d456::span:50:63	True
d457::span:9:13	d457::span:308:313	True
d458::span:58:67	d458::span:138:146	True
d460::span:0:11	d460::span:37:46	True
d461::span:4:8	d461::span:299:307	True
d462::span:92:98	d462::span:422:441	True
d463::span:72:88	d463::span:367:371	True
d464::span:0:4	d464::span:14:21	True
d466::span:0:4	d466::span:14:22	True
d467::span:0:4	d467::span:203:208	True
d468::span:0:11	d468::span:284:289	True
d469::span:425:439	d469::span:457:464	True
d470::span:0:12	d470::span:55:65	True
d472::span:53:58	d472::span:222:231	True
d473::span:0:7	d473::span:25:38	True
d474::span:0:6	d474::span:340:348	True
d476::span:13:20	d476::span:56:62	True
d479::span:51:59	d479::span:205:210	True
d480::span:0:16	d480::span:315:322	True
d481::span:283:296	d481::span:325:334	True
d482::span:11:14	d482::span:60:66	True
d485::span:0:5	d485::span:302:307	True
d486::span:9:16	d486::span:122:135	True
d489::span:0:5	d489::span:151:158	True
d492::span:716:722	d492::span:88:102	True
d493::span:0:19	d493::span:687:692	True
d498::span:0:9	d498::span:222:227	True
d499::span:215:221	d499::span:87:90	True
d501::span:53:58	d501::span:337:359	True
d502::span:0:7	d502::span:55:66	True
d506::span:61:64	d506::span:968:978	True
d508::span:3:9	d508::span:1539:1552	True
d509::span:0:5	d509::span:38:51	True
d512::span:9:13	d512::span:202:214	True
d513::span:0:4	d513::span:194:213	True
d516::span:14:21	d516::span:260:263	True
d517::span:48:53	d517::span:11:16	True
d519::span:0:18	d519::span:49:55	True
d523::span:0:14	d523::span:135:142	True
d524::span:0:4	d524::span:413:420	True
d526::span:0:6	d526::span:219:231	True
d527::span:53:56	d527::span:571:581	True
d528::span:8:14	d528::span:253:256	True
d529::span:0:8	d529::span:35:45	True
d531::span:0:3	d531::span:171:182	True
d532::span:52:57	d532::span:842:848	True
d533::span:0:7	d533::span:235:246	True
d535::span:206:214	d535::span:255:263	True
d536::span:0:5	d536::span:30:37	True
d538::span:0:15	d538::span:33:37	True
d541::span:0:22	d541::span:160:164	True
d544::span:285:297	d544::span:326:331	True
d545::span:0:4	d545::span:250:265	True
d547::span:0:6	d547::span:488:507	True
d548::span:0:8	d548::span:542:548	True
d549::span:0:7	d549::span:58:64	True
d552::span:347:356	d552::span:382:388	True
d554::span:252:264	d554::span:16:23	True
d555::span:9:15	d555::span:374:382	True
d564::span:0:10	d564::span:197:208	True
d566::span:576:587	d566::span:388:398	True
d568::span:0:12	d568::span:70:76	True
d569::span:200:208	d569::span:968:973	True
d570::span:0:11	d570::span:177:185	True
d573::span:0:10	d573::span:442:452	True
d574::span:198:203	d574::span:225:233	True
d575::span:0:6	d575::span:266:278	True
d576::span:0:8	d576::span:66:77	True
d578::span:289:301	d578::span:22:27	True
d579::span:0:2	d579::span:34:39	True
d583::span:19:22	d583::span:526:535	True
d584::span:383:389	d584::span:508:513	True
d585::span:7:12	d585::span:36:43	True
d588::span:0:7	d588::span:47:53	True
d590::span:0:15	d590::span:129:132	True
d591::span:0:13	d591::span:65:70	True
d592::span:21:32	d592::span:372:377	True
d593::span:28:39	d593::span:250:255	True
d594::span:0:13	d594::span:86:91	True
d596::span:53:60	d596::span:219:225	True
d597::span:24:27	d597::span:133:141	True
d598::span:0:12	d598::span:74:79	True
d603::span:93:105	d603::span:121:135	True
d605::span:0:19	d605::span:175:183	True
d606::span:5:11	d606::span:77:91	True
d607::span:0:7	d607::span:988:994	True
d609::span:0:15	d609::span:35:41	True
d615::span:0:4	d615::span:31:39	True
d616::span:0:23	d616::span:34:39	True
d619::span:0:16	d619::span:170:197	True
d620::span:0:23	d620::span:348:359	True
d621::span:0:8	d621::span:338:353	True
d622::span:363:369	d622::span:541:546	True
d624::span:0:5	d624::span:47:52	True
d626::span:0:11	d626::span:48:68	True
d627::span:0:5	d627::span:218:233	True
d628::span:0:4	d628::span:35:41	True
d632::span:6:17	d632::span:167:172	True
d633::span:0:4	d633::span:26:33	True
d634::span:33:35	d634::span:113:117	True
d636::span:0:6	d636::span:334:339	True
d638::span:18:25	d638::span:47:54	True
d639::span:8:11	d639::span:419:440	True
d641::span:0:4	d641::span:59:65	True
d644::span:0:10	d644::span:28:37	True
d645::span:0:6	d645::span:642:650	True
d646::span:326:332	d646::span:103:112	True
d647::span:0:16	d647::span:55:60	True
d649::span:0:9	d649::span:147:154	True
d653::span:48:52	d653::span:89:100	True
d654::span:0:5	d654::span:62:67	True
d655::span:0:5	d655::span:159:163	True
d656::span:8:12	d656::span:325:334	True
d659::span:0:2	d659::span:28:36	True
d660::span:26:29	d660::span:176:180	True
d661::span:297:308	d661::span:104:118	True
d664::span:36:52	d664::span:186:195	True
d665::span:10:15	d665::span:37:44	True
d666::span:307:312	d666::span:43:55	True
d667::span:0:4	d667::span:14:20	True
d668::span:15:29	d668::span:560:563	True
d669::span:0:10	d669::span:391:395	True
d670::span:0:5	d670::span:237:243	True
d671::span:0:7	d671::span:886:894	True
d672::span:0:38	d672::span:66:71	True
d678::span:109:115	d678::span:167:174	True
d684::span:0:16	d684::span:51:64	True
d685::span:101:104	d685::span:134:142	True
d687::span:0:16	d687::span:89:98	True
d688::span:0:14	d688::span:146:155	True
d691::span:29:35	d691::span:196:200	True
d696::span:0:7	d696::span:28:33	True
d698::span:0:4	d698::span:651:660	True
d699::span:156:164	d699::span:192:208	True
d701::span:0:5	d701::span:15:35	True
d706::span:113:125	d706::span:27:32	True
d708::span:0:14	d708::span:66:72	True
d709::span:0:4	d709::span:87:97	True
d710::span:0:13	d710::span:35:47	True
d711::span:45:49	d711::span:529:550	True
d712::span:0:4	d712::span:558:566	True
d713::span:30:36	d713::span:66:73	True
d716::span:0:4	d716::span:612:630	True
d718::span:0:4	d718::span:31:39	True
d719::span:0:6	d719::span:67:76	True
d720::span:0:5	d720::span:148:159	True
d723::span:619:627	d723::span:503:507	True
d724::span:9:19	d724::span:885:895	True
d730::span:0:6	d730::span:233:242	True
d731::span:211:217	d731::span:164:167	True
d732::span:22:26	d732::span:58:70	True
d733::span:0:23	d733::span:37:52	True
d734::span:0:5	d734::span:29:39	True
d736::span:0:5	d736::span:230:239	True
d737::span:0:5	d737::span:350:358	True
d738::span:33:43	d738::span:78:90	True
d739::span:0:4	d739::span:205:234	True
d740::span:58:63	d740::span:148:154	True
d741::span:30:37	d741::span:42:49	True
d742::span:68:73	d742::span:464:472	True
d743::span:0:5	d743::span:33:38	True
d745::span:0:7	d745::span:17:30	True
d746::span:185:199	d746::span:140:145	True
d749::span:0:4	d749::span:398:406	True
d750::span:30:35	d750::span:91:100	True
d753::span:258:276	d753::span:303:308	True
d754::span:0:12	d754::span:22:35	True
d757::span:0:18	d757::span:40:49	True
d759::span:0:8	d759::span:165:170	True
d762::span:0:13	d762::span:39:43	True
d763::span:39:50	d763::span:327:334	True
d765::span:0:6	d765::span:90:95	True
d766::span:0:11	d766::span:74:85	True
d767::span:437:443	d767::span:903:908	True
d769::span:0:15	d769::span:125:128	True
d770::span:0:7	d770::span:175:183	True
d771::span:13:18	d771::span:705:709	True
d772::span:0:9	d772::span:89:98	True
d774::span:0:3	d774::span:203:215	True
d775::span:0:4	d775::span:48:54	True
d779::span:0:7	d779::span:35:41	True
d780::span:0:17	d780::span:262:273	True
d781::span:129:140	d781::span:200:212	True
d783::span:0:12	d783::span:234:243	True
d784::span:51:57	d784::span:258:264	True
d785::span:0:4	d785::span:16:21	True
d790::span:84:94	d790::span:165:171	True
d791::span:0:7	d791::span:32:47	True
d794::span:0:2	d794::span:31:37	True
d796::span:6:15	d796::span:77:85	True
d797::span:96:102	d797::span:175:187	True
d798::span:303:316	d798::span:332:342	True
d799::span:0:6	d799::span:233:238	True
d800::span:0:17	d800::span:249:255	True
d801::span:0:4	d801::span:22:29	True
d802::span:20:25	d802::span:35:43	True
d803::span:0:8	d803::span:32:40	True
d808::span:0:4	d808::span:32:39	True
d809::span:0:16	d809::span:70:75	True
d810::span:442:455	d810::span:370:376	True
d811::span:9:15	d811::span:154:162	True
d814::span:0:7	d814::span:93:101	True
d815::span:56:72	d815::span:212:217	True
d817::span:0:5	d817::span:190:194	True
d820::span:0:10	d820::span:76:83	True
d822::span:1313:1325	d822::span:923:929	True
d827::span:871:882	d827::span:776:780	True
d828::span:0:27	d828::span:89:94	True
d829::span:0:6	d829::span:33:38	True
d831::span:323:329	d831::span:339:342	True
d832::span:0:12	d832::span:125:131	True
d834::span:0:5	d834::span:15:21	True
d835::span:0:10	d835::span:44:68	True
d837::span:0:11	d837::span:396:404	True
d842::span:0:8	d842::span:77:85	True
d843::span:0:12	d843::span:65:86	True
d845::span:30:34	d845::span:148:169	True
d847::span:0:12	d847::span:53:66	True
d848::span:0:9	d848::span:19:26	True
d849::span:8:12	d849::span:22:27	True
d852::span:0:10	d852::span:37:43	True
d854::span:28:31	d854::span:319:326	True
d857::span:0:6	d857::span:16:25	True
d858::span:0:6	d858::span:37:41	True
d860::span:189:200	d860::span:657:671	True
d864::span:0:5	d864::span:49:52	True
d867::span:35:42	d867::span:433:437	True
d873::span:0:4	d873::span:14:23	True
d877::span:14:17	d877::span:401:406	True
d878::span:60:65	d878::span:434:441	True
d879::span:19:29	d879::span:39:44	True
d880::span:0:10	d880::span:51:62	True
d881::span:0:7	d881::span:42:54	True
d884::span:0:4	d884::span:613:617	True
d887::span:0:4	d887::span:129:136	True
d889::span:0:18	d889::span:281:286	True
d890::span:0:6	d890::span:406:414	True
d894::span:202:208	d894::span:455:460	True
d895::span:0:7	d895::span:17:30	True
d896::span:0:5	d896::span:501:509	True
d899::span:21:26	d899::span:63:72	True
d900::span:15:22	d900::span:314:321	True
d902::span:9:19	d902::span:29:37	True
d903::span:0:5	d903::span:15:20	True
d906::span:9:21	d906::span:525:532	True
d907::span:0:5	d907::span:55:63	True
d909::span:0:7	d909::span:117:128	True
d912::span:0:10	d912::span:360:373	True
d913::span:0:4	d913::span:36:43	True
d915::span:16:22	d915::span:378:386	True
d916::span:0:10	d916::span:155:161	True
d917::span:0:5	d917::span:635:646	True
d918::span:60:69	d918::span:136:147	True
d919::span:46:50	d919::span:159:166	True
d920::span:46:49	d920::span:155:161	True
d921::span:0:5	d921::span:23:28	True
d922::span:4:18	d922::span:58:62	True
d923::span:0:3	d923::span:158:169	True
d925::span:182:196	d925::span:961:966	True
d926::span:277:283	d926::span:611:630	True
d927::span:0:11	d927::span:1275:1287	True
d928::span:14:21	d928::span:266:275	True
d930::span:299:310	d930::span:360:365	True
d931::span:59:66	d931::span:375:398	True
d933::span:0:6	d933::span:16:23	True
d935::span:0:7	d935::span:143:158	True
d936::span:0:9	d936::span:76:94	True
d938::span:19:24	d938::span:236:241	True
d939::span:0:7	d939::span:475:480	True
d941::span:157:163	d941::span:559:575	True
d942::span:0:6	d942::span:66:73	True
d943::span:0:6	d943::span:222:231	True
d946::span:0:8	d946::span:555:559	True
d947::span:0:7	d947::span:46:53	True
d948::span:835:854	d948::span:584:587	True
d950::span:16:23	d950::span:194:199	True
d951::span:28:44	d951::span:95:104	True
d954::span:66:73	d954::span:207:221	True
d956::span:73:76	d956::span:489:504	True
d957::span:0:6	d957::span:61:68	True
d959::span:520:527	d959::span:397:402	True
d961::span:0:6	d961::span:147:152	True
d962::span:0:18	d962::span:372:378	True
d964::span:8:12	d964::span:128:132	True
d965::span:390:394	d965::span:697:702	True
d968::span:0:8	d968::span:35:40	True
d971::span:0:5	d971::span:37:46	True
d972::span:0:10	d972::span:48:57	True
d974::span:457:468	d974::span:267:272	True
d976::span:288:291	d976::span:314:321	True
d979::span:0:4	d979::span:251:261	True
d980::span:9:14	d980::span:54:79	True
d981::span:0:5	d981::span:23:47	True
d983::span:4:8	d983::span:161:167	True
d985::span:0:12	d985::span:74:89	True
d988::span:23:30	d988::span:12:20	True
d989::span:9:12	d989::span:95:101	True
d990::span:161:164	d990::span:928:937	True
d991::span:14:20	d991::span:58:66	True
d992::span:25:29	d992::span:79:88	True
d994::span:312:317	d994::span:433:443	True
d996::span:68:71	d996::span:682:687	True
d997::span:0:3	d997::span:31:42	True
d1004::span:508:524	d1004::span:1240:1245	True
d1006::span:0:5	d1006::span:49:54	True
d1008::span:0:4	d1008::span:826:835	True
d1009::span:4:8	d1009::span:28:34	True
d1010::span:6:11	d1010::span:751:761	True
d1011::span:0:6	d1011::span:247:266	True
d1013::span:0:18	d1013::span:141:146	True
d1014::span:53:61	d1014::span:398:402	True
d1016::span:591:604	d1016::span:923:928	True
d1019::span:0:3	d1019::span:176:194	True
d1020::span:0:5	d1020::span:278:283	True
d1022::span:241:246	d1022::span:100:106	True
d1023::span:0:11	d1023::span:40:61	True
d1026::span:15:20	d1026::span:31:39	True
d1027::span:83:89	d1027::span:99:104	True
d1028::span:0:5	d1028::span:53:61	True
d1033::span:0:6	d1033::span:118:133	True
d1034::span:0:12	d1034::span:22:40	True
d1036::span:0:7	d1036::span:34:42	True
d1037::span:91:94	d1037::span:425:434	True
d1038::span:182:189	d1038::span:437:459	True
d1041::span:510:518	d1041::span:536:545	True
d1042::span:0:5	d1042::span:202:207	True
d1045::span:96:104	d1045::span:130:137	True
d1051::span:5:9	d1051::span:27:42	True
d1056::span:0:4	d1056::span:26:41	True
d1057::span:14:18	d1057::span:45:50	True
d1059::span:92:97	d1059::span:16:25	True
d1061::span:0:5	d1061::span:68:71	True
d1063::span:112:119	d1063::span:28:40	True
d1065::span:0:7	d1065::span:37:52	True
d1066::span:483:489	d1066::span:880:884	True
d1067::span:0:5	d1067::span:18:32	True
d1068::span:0:7	d1068::span:48:60	True
d1070::span:102:106	d1070::span:595:611	True
d1073::span:0:5	d1073::span:125:132	True
d1077::span:0:3	d1077::span:21:26	True
d1079::span:0:4	d1079::span:166:173	True
d1080::span:80:85	d1080::span:265:272	True
d1081::span:21:28	d1081::span:219:225	True
d1082::span:0:5	d1082::span:97:103	True
d1083::span:0:15	d1083::span:88:94	True
d1085::span:0:6	d1085::span:43:53	True
d1088::span:0:20	d1088::span:232:237	True
d1089::span:11:19	d1089::span:662:672	True
d1091::span:0:6	d1091::span:318:325	True
d1094::span:0:7	d1094::span:621:630	True
d1095::span:0:20	d1095::span:116:120	True
d1097::span:0:10	d1097::span:36:40	True
d1098::span:0:7	d1098::span:17:28	True
d1099::span:0:24	d1099::span:38:44	True
d1102::span:0:5	d1102::span:36:50	True
d1103::span:0:4	d1103::span:38:47	True
d1104::span:39:44	d1104::span:216:237	True
d1105::span:5:12	d1105::span:154:168	True
d1106::span:26:29	d1106::span:40:47	True
d1107::span:0:9	d1107::span:19:24	True
d1108::span:0:17	d1108::span:1081:1085	True
d1109::span:0:15	d1109::span:173:178	True
d1110::span:0:3	d1110::span:21:30	True
d1111::span:0:5	d1111::span:508:517	True
d1112::span:8:29	d1112::span:86:98	True
d1114::span:0:5	d1114::span:27:41	True
d1118::span:0:6	d1118::span:75:81	True
d1119::span:0:12	d1119::span:40:45	True
d1120::span:17:23	d1120::span:72:80	True
d1121::span:0:16	d1121::span:701:709	True
d1125::span:35:41	d1125::span:440:447	True
d1126::span:0:19	d1126::span:49:65	True
d1128::span:0:2	d1128::span:12:20	True
d1131::span:170:174	d1131::span:23:26	True
d1132::span:16:24	d1132::span:297:318	True
d1137::span:0:5	d1137::span:23:31	True
d1139::span:0:7	d1139::span:37:41	True
d1141::span:0:18	d1141::span:40:47	True
d1145::span:20:33	d1145::span:169:173	True
d1148::span:0:13	d1148::span:31:42	True
d1151::span:0:5	d1151::span:23:29	True
d1153::span:0:6	d1153::span:56:61	True
d1155::span:0:4	d1155::span:256:271	True
d1157::span:0:10	d1157::span:83:92	True
d1159::span:0:11	d1159::span:113:121	True
d1162::span:153:164	d1162::span:11:16	True
d1164::span:0:12	d1164::span:22:38	True
d1171::span:17:30	d1171::span:83:89	True
d1172::span:394:402	d1172::span:15:21	True
d1173::span:0:14	d1173::span:1315:1327	True
d1174::span:0:20	d1174::span:50:55	True
d1175::span:0:3	d1175::span:33:38	True
d1177::span:0:3	d1177::span:13:23	True
d1178::span:0:23	d1178::span:123:129	True
d1179::span:0:5	d1179::span:203:235	True
d1181::span:0:7	d1181::span:675:679	True
d1182::span:0:5	d1182::span:48:55	True
d1184::span:45:50	d1184::span:327:340	True
d1185::span:0:3	d1185::span:776:788	True
d1186::span:0:7	d1186::span:928:936	True
d1187::span:0:15	d1187::span:42:49	True
d1189::span:35:37	d1189::span:61:75	True
d1190::span:0:9	d1190::span:42:46	True
d1191::span:0:4	d1191::span:26:34	True
d1192::span:14:19	d1192::span:296:320	True
d1193::span:0:9	d1193::span:69:75	True
d1194::span:0:6	d1194::span:24:31	True
d1195::span:0:8	d1195::span:202:210	True
d1197::span:0:16	d1197::span:41:52	True
d1198::span:0:5	d1198::span:255:267	True
d1200::span:0:8	d1200::span:26:29	True
d1204::span:0:2	d1204::span:255:269	True
d1205::span:22:28	d1205::span:830:837	True
d1209::span:0:15	d1209::span:132:138	True
d1210::span:108:115	d1210::span:313:319	True
d1211::span:0:22	d1211::span:137:145	True
d1212::span:0:10	d1212::span:236:243	True
d1214::span:444:458	d1214::span:485:497	True
d1216::span:0:7	d1216::span:703:711	True
d1217::span:294:312	d1217::span:342:349	True
d1219::span:612:628	d1219::span:406:413	True
d1220::span:33:36	d1220::span:222:230	True
d1221::span:0:5	d1221::span:15:24	True
d1222::span:0:4	d1222::span:26:36	True
d1223::span:0:11	d1223::span:307:310	True
d1224::span:0:4	d1224::span:152:158	True
d1225::span:191:195	d1225::span:358:374	True
d1228::span:0:6	d1228::span:16:20	True
d1232::span:653:665	d1232::span:135:142	True
d1233::span:0:14	d1233::span:401:408	True
d1235::span:0:5	d1235::span:15:24	True
d1239::span:0:9	d1239::span:126:129	True
d1240::span:0:5	d1240::span:93:98	True
d1242::span:0:7	d1242::span:34:42	True
d1244::span:57:64	d1244::span:90:95	True
d1246::span:0:5	d1246::span:272:287	True
d1247::span:0:3	d1247::span:65:72	True
d1248::span:8:13	d1248::span:1531:1537	True
d1249::span:30:33	d1249::span:147:157	True
d1250::span:0:9	d1250::span:352:358	True
d1251::span:39:44	d1251::span:250:255	True
d1252::span:0:7	d1252::span:33:38	True
d1254::span:0:14	d1254::span:412:417	True
d1255::span:0:9	d1255::span:43:48	True
d1256::span:25:28	d1256::span:292:299	True
d1259::span:176:184	d1259::span:215:224	True
d1260::span:14:18	d1260::span:326:333	True
d1261::span:0:5	d1261::span:49:55	True
d1266::span:24:29	d1266::span:271:282	True
d1267::span:142:156	d1267::span:174:182	True
d1268::span:0:5	d1268::span:265:271	True
d1269::span:30:36	d1269::span:271:283	True
d1270::span:9:16	d1270::span:95:102	True
d1271::span:336:355	d1271::span:380:388	True
d1273::span:25:30	d1273::span:97:117	True
d1275::span:0:6	d1275::span:303:318	True
d1277::span:0:7	d1277::span:17:24	True
d1278::span:307:314	d1278::span:483:488	True
d1279::span:188:200	d1279::span:346:351	True
d1280::span:0:4	d1280::span:35:46	True
d1283::span:334:349	d1283::span:172:189	True
d1285::span:86:91	d1285::span:34:44	True
d1286::span:13:18	d1286::span:356:365	True
d1287::span:0:13	d1287::span:63:74	True
d1288::span:0:11	d1288::span:42:53	True
d1293::span:0:15	d1293::span:39:47	True
d1294::span:0:10	d1294::span:93:100	True
d1295::span:0:6	d1295::span:24:34	True
d1298::span:678:683	d1298::span:945:952	True
d1299::span:0:7	d1299::span:88:95	True
d1300::span:0:16	d1300::span:28:34	True
d1303::span:0:4	d1303::span:358:370	True
d1305::span:21:25	d1305::span:245:264	True
d1306::span:0:14	d1306::span:24:44	True
d1310::span:0:5	d1310::span:184:190	True
d1311::span:0:20	d1311::span:176:181	True
d1312::span:0:23	d1312::span:432:440	True
d1314::span:0:4	d1314::span:26:45	True
d1316::span:4:16	d1316::span:103:111	True
d1317::span:25:33	d1317::span:302:310	True
d1318::span:0:9	d1318::span:37:47	True
d1319::span:133:144	d1319::span:174:186	True
d1320::span:0:9	d1320::span:27:34	True
d1321::span:0:11	d1321::span:64:71	True
d1322::span:0:12	d1322::span:471:479	True
d1325::span:0:5	d1325::span:191:205	True
d1330::span:0:7	d1330::span:233:238	True
d1333::span:0:8	d1333::span:131:146	True
d1336::span:0:6	d1336::span:317:328	True
d1338::span:340:346	d1338::span:932:944	True
d1339::span:0:7	d1339::span:373:383	True
d1342::span:925:933	d1342::span:380:390	True
d1343::span:69:76	d1343::span:90:98	True
d1345::span:33:39	d1345::span:675:682	True
d1346::span:0:7	d1346::span:66:81	True
d1347::span:0:10	d1347::span:36:48	True
d1348::span:28:35	d1348::span:768:781	True
d1349::span:44:51	d1349::span:399:412	True
d1351::span:0:11	d1351::span:114:122	True
d1354::span:0:4	d1354::span:78:93	True
d1355::span:0:8	d1355::span:20:27	True
d1356::span:89:105	d1356::span:153:161	True
d1358::span:0:10	d1358::span:465:472	True
d1360::span:0:4	d1360::span:27:38	True
d1362::span:6:10	d1362::span:71:94	True
d1363::span:330:336	d1363::span:565:570	True
d1367::span:0:13	d1367::span:233:241	True
d1371::span:18:22	d1371::span:42:50	True
d1372::span:0:11	d1372::span:47:55	True
d1373::span:0:8	d1373::span:49:63	True
d1374::span:173:185	d1374::span:14:24	True
d1376::span:21:28	d1376::span:102:113	True
d1379::span:0:7	d1379::span:540:548	True
d1380::span:18:29	d1380::span:74:82	True
d1385::span:0:9	d1385::span:34:41	True
d1386::span:8:12	d1386::span:280:286	True
d1388::span:73:85	d1388::span:1003:1013	True
d1389::span:0:7	d1389::span:134:149	True
d1390::span:754:761	d1390::span:142:149	True
d1392::span:0:8	d1392::span:53:66	True
d1393::span:8:13	d1393::span:383:391	True
d1394::span:0:10	d1394::span:297:306	True
d1399::span:19:23	d1399::span:821:833	True
d1401::span:0:8	d1401::span:145:152	True
d1402::span:0:3	d1402::span:69:74	True
d1405::span:0:4	d1405::span:53:58	True
d1407::span:0:11	d1407::span:222:228	True
d1408::span:35:42	d1408::span:335:345	True
d1410::span:9:18	d1410::span:29:37	True
d1411::span:0:13	d1411::span:31:49	True
d1415::span:0:6	d1415::span:253:260	True
d1418::span:17:24	d1418::span:62:67	True
d1419::span:0:7	d1419::span:241:250	True
d1420::span:65:71	d1420::span:914:918	True
d1421::span:0:4	d1421::span:22:35	True
d1422::span:0:4	d1422::span:76:84	True
d1423::span:225:239	d1423::span:11:14	True
d1432::span:100:113	d1432::span:25:31	True
d1438::span:0:7	d1438::span:34:41	True
d1441::span:0:8	d1441::span:26:34	True
d1442::span:0:19	d1442::span:47:55	True
d1443::span:0:15	d1443::span:129:134	True
d1445::span:152:156	d1445::span:15:26	True
d1447::span:73:88	d1447::span:164:177	True
d1448::span:158:165	d1448::span:357:367	True
d1449::span:20:24	d1449::span:36:43	True
d1453::span:0:3	d1453::span:95:103	True
d1454::span:39:46	d1454::span:11:22	True
d1455::span:203:207	d1455::span:341:349	True
d1458::span:0:5	d1458::span:131:135	True
d1459::span:0:6	d1459::span:54:64	True
d1460::span:89:104	d1460::span:28:33	True
d1462::span:0:5	d1462::span:915:920	True
d1463::span:0:14	d1463::span:43:48	True
d1465::span:0:6	d1465::span:16:19	True
d1467::span:74:78	d1467::span:19:29	True
d1474::span:8:15	d1474::span:28:36	True
d1477::span:278:294	d1477::span:19:24	True
d1478::span:0:5	d1478::span:342:348	True
d1480::span:131:152	d1480::span:31:38	True
d1487::span:6:11	d1487::span:110:126	True
d1491::span:0:12	d1491::span:415:420	True
d1492::span:0:5	d1492::span:204:219	True
d1495::span:0:14	d1495::span:320:325	True
d1497::span:0:19	d1497::span:260:265	True
d1499::span:0:6	d1499::span:50:62	True
d1501::span:0:17	d1501::span:37:45	True
d1502::span:163:168	d1502::span:237:243	True
d1503::span:0:14	d1503::span:32:37	True
d1504::span:0:5	d1504::span:108:119	True
d1505::span:0:3	d1505::span:198:203	True
d1506::span:38:43	d1506::span:85:108	True
d1507::span:0:6	d1507::span:312:318	True
d1508::span:11:15	d1508::span:358:363	True
d1510::span:0:7	d1510::span:359:365	True
d1512::span:0:9	d1512::span:61:66	True
d1513::span:0:14	d1513::span:36:48	True
d1514::span:40:45	d1514::span:496:503	True
d1515::span:8:14	d1515::span:39:45	True
d1516::span:93:102	d1516::span:417:427	True
d1517::span:0:5	d1517::span:440:453	True
d1518::span:39:52	d1518::span:346:355	True
d1521::span:61:68	d1521::span:496:510	True
d1522::span:0:7	d1522::span:340:350	True
d1523::span:55:66	d1523::span:80:87	True
d1525::span:0:4	d1525::span:54:59	True
d1526::span:0:7	d1526::span:33:56	True
d1527::span:0:4	d1527::span:27:32	True
d1528::span:86:92	d1528::span:117:123	True
d1532::span:60:66	d1532::span:399:426	True
d1534::span:4:9	d1534::span:61:67	True
d1535::span:0:9	d1535::span:309:313	True
d1537::span:0:13	d1537::span:60:71	True
d1539::span:0:8	d1539::span:98:106	True
d1540::span:18:23	d1540::span:69:80	True
d1542::span:0:7	d1542::span:143:150	True
d1546::span:0:5	d1546::span:53:61	True
d1550::span:0:5	d1550::span:64:74	True
d1551::span:14:19	d1551::span:553:566	True
d1552::span:0:6	d1552::span:649:657	True
d1553::span:12:18	d1553::span:385:394	True
d1554::span:0:6	d1554::span:18:27	True
d1560::span:13:19	d1560::span:408:417	True
d1565::span:0:4	d1565::span:424:429	True
d1567::span:0:11	d1567::span:40:48	True
d1568::span:0:6	d1568::span:145:150	True
d1569::span:0:5	d1569::span:305:310	True
d1573::span:28:33	d1573::span:828:840	True
d1574::span:0:7	d1574::span:34:52	True
d1575::span:106:114	d1575::span:390:410	True
d1582::span:8:13	d1582::span:62:70	True
d1585::span:0:10	d1585::span:34:42	True
d1587::span:0:6	d1587::span:285:292	True
d1588::span:0:12	d1588::span:40:49	True
d1589::span:0:6	d1589::span:18:27	True
d1590::span:0:12	d1590::span:47:59	True
d1594::span:477:489	d1594::span:624:633	True
d1596::span:0:5	d1596::span:384:392	True
d1598::span:0:5	d1598::span:99:108	True
d1599::span:0:20	d1599::span:30:33	True
d1604::span:112:117	d1604::span:491:499	True
d1605::span:389:393	d1605::span:653:656	True
d1606::span:20:24	d1606::span:381:386	True
d1607::span:323:333	d1607::span:291:296	True
d1611::span:0:4	d1611::span:34:39	True
d1614::span:487:495	d1614::span:638:644	True
d1618::span:0:5	d1618::span:34:42	True
d1620::span:94:101	d1620::span:23:35	True
d1622::span:0:7	d1622::span:33:38	True
d1623::span:0:5	d1623::span:170:176	True
d1626::span:0:6	d1626::span:16:25	True
d1628::span:0:5	d1628::span:198:213	True
d1630::span:238:243	d1630::span:824:830	True
d1631::span:40:44	d1631::span:324:332	True
d1632::span:0:4	d1632::span:196:205	True
d1633::span:0:14	d1633::span:46:55	True
d1635::span:0:4	d1635::span:143:158	True
d1637::span:0:8	d1637::span:113:124	True
d1638::span:0:6	d1638::span:167:176	True
d1639::span:171:174	d1639::span:325:337	True
d1642::span:0:8	d1642::span:559:567	True
d1643::span:0:6	d1643::span:42:52	True
d1644::span:0:13	d1644::span:137:147	True
d1646::span:0:16	d1646::span:27:33	True
d1649::span:11:19	d1649::span:738:750	True
d1654::span:250:258	d1654::span:31:39	True
d1655::span:9:15	d1655::span:256:270	True
d1656::span:48:55	d1656::span:119:142	True
d1660::span:0:20	d1660::span:31:39	True
d1662::span:0:5	d1662::span:328:337	True
d1663::span:0:8	d1663::span:199:208	True
d1664::span:0:11	d1664::span:39:47	True
d1667::span:257:271	d1667::span:332:337	True
d1668::span:0:5	d1668::span:15:21	True
d1670::span:0:8	d1670::span:35:56	True
d1672::span:0:7	d1672::span:87:95	True
d1673::span:0:11	d1673::span:21:28	True
d1674::span:692:704	d1674::span:969:976	True
d1675::span:0:6	d1675::span:524:531	True
d1677::span:0:19	d1677::span:43:47	True
d1680::span:17:30	d1680::span:48:57	True
d1681::span:0:5	d1681::span:37:47	True
d1683::span:15:23	d1683::span:54:65	True
d1684::span:0:6	d1684::span:52:61	True
d1685::span:0:12	d1685::span:65:71	True
d1686::span:58:63	d1686::span:173:177	True
d1688::span:0:12	d1688::span:179:187	True
d1689::span:0:4	d1689::span:14:30	True
d1691::span:0:10	d1691::span:20:39	True
d1692::span:232:238	d1692::span:271:281	True
d1693::span:0:10	d1693::span:1021:1026	True
d1695::span:8:18	d1695::span:282:287	True
d1697::span:52:58	d1697::span:644:655	True
d1698::span:49:63	d1698::span:292:302	True
d1699::span:130:136	d1699::span:413:424	True
d1701::span:0:18	d1701::span:40:48	True
d1702::span:0:5	d1702::span:15:22	True
d1704::span:0:6	d1704::span:248:260	True
d1705::span:0:3	d1705::span:340:351	True
d1710::span:31:36	d1710::span:379:388	True
d1712::span:0:13	d1712::span:39:47	True
d1714::span:0:5	d1714::span:440:449	True
d1715::span:0:6	d1715::span:257:267	True
d1716::span:0:5	d1716::span:232:241	True
d1717::span:105:110	d1717::span:211:214	True
d1720::span:0:7	d1720::span:35:38	True
d1722::span:0:6	d1722::span:29:39	True
d1724::span:0:5	d1724::span:47:56	True
d1727::span:0:7	d1727::span:29:41	True
d1728::span:0:10	d1728::span:396:406	True
d1731::span:0:11	d1731::span:25:31	True
d1733::span:0:9	d1733::span:36:45	True
d1734::span:0:5	d1734::span:142:149	True
d1735::span:0:4	d1735::span:32:41	True
d1737::span:21:38	d1737::span:101:107	True
d1739::span:0:11	d1739::span:39:44	True
d1741::span:0:17	d1741::span:47:52	True
d1742::span:0:6	d1742::span:73:83	True
d1743::span:0:14	d1743::span:49:58	True
d1745::span:0:3	d1745::span:53:61	True
d1749::span:0:3	d1749::span:498:517	True
d1752::span:0:4	d1752::span:194:205	True
d1753::span:29:32	d1753::span:836:844	True
d1755::span:234:240	d1755::span:464:468	True
d1758::span:0:5	d1758::span:73:82	True
d1761::span:296:303	d1761::span:291:303	True
d1762::span:0:5	d1762::span:111:117	True
d1763::span:0:6	d1763::span:104:121	True
d1764::span:9:13	d1764::span:38:48	True
d1765::span:9:16	d1765::span:121:129	True
d1768::span:0:7	d1768::span:25:31	True
d1769::span:0:4	d1769::span:296:303	True
d1770::span:449:452	d1770::span:724:729	True
d1771::span:193:197	d1771::span:13:17	True
d1772::span:0:12	d1772::span:41:51	True
d1773::span:0:10	d1773::span:69:77	True
d1775::span:0:7	d1775::span:39:45	True
d1777::span:9:16	d1777::span:113:121	True
d1779::span:0:8	d1779::span:30:42	True
d1780::span:0:11	d1780::span:29:36	True
d1781::span:0:23	d1781::span:450:457	True
d1783::span:0:10	d1783::span:37:43	True
d1784::span:0:6	d1784::span:98:104	True
d1786::span:138:147	d1786::span:275:280	True
d1788::span:15:19	d1788::span:50:56	True
d1789::span:83:88	d1789::span:3:9	True
d1790::span:0:4	d1790::span:56:63	True
d1791::span:0:11	d1791::span:21:37	True
d1793::span:0:5	d1793::span:35:40	True
d1794::span:0:4	d1794::span:48:55	True
d1796::span:0:7	d1796::span:207:212	True
d1800::span:0:5	d1800::span:212:220	True
d1803::span:0:7	d1803::span:966:970	True
d1805::span:0:6	d1805::span:554:584	True
d1807::span:0:3	d1807::span:822:829	True
d1808::span:0:9	d1808::span:21:26	True
d1810::span:0:13	d1810::span:43:49	True
d1815::span:8:13	d1815::span:43:50	True
d1816::span:300:312	d1816::span:263:271	True
d1818::span:0:6	d1818::span:16:21	True
d1823::span:0:16	d1823::span:43:48	True
d1824::span:39:45	d1824::span:101:107	True
d1826::span:0:3	d1826::span:73:84	True
d1827::span:11:17	d1827::span:61:82	True
d1829::span:808:821	d1829::span:363:375	True
d1830::span:7:23	d1830::span:100:109	True
d1834::span:0:7	d1834::span:93:99	True
d1835::span:0:9	d1835::span:19:25	True
d1836::span:0:6	d1836::span:141:149	True
d1837::span:13:18	d1837::span:32:40	True
d1838::span:80:89	d1838::span:23:35	True
d1839::span:0:4	d1839::span:177:184	True
d1840::span:19:24	d1840::span:1027:1039	True
d1841::span:47:50	d1841::span:156:166	True
d1842::span:330:341	d1842::span:359:369	True
d1843::span:6:14	d1843::span:24:29	True
d1845::span:9:16	d1845::span:241:252	True
d1847::span:28:33	d1847::span:8:15	True
d1848::span:0:16	d1848::span:639:645	True
d1850::span:119:148	d1850::span:166:182	True
d1853::span:9:25	d1853::span:159:170	True
d1861::span:0:23	d1861::span:826:846	True
d1862::span:0:5	d1862::span:240:248	True
d1865::span:41:52	d1865::span:636:647	True
d1866::span:7:23	d1866::span:171:176	True
d1867::span:115:119	d1867::span:328:336	True
d1869::span:147:151	d1869::span:12:20	True
d1870::span:0:24	d1870::span:56:67	True
d1871::span:0:6	d1871::span:374:381	True
d1872::span:12:18	d1872::span:236:240	True
d1874::span:47:60	d1874::span:497:504	True
d1876::span:84:97	d1876::span:74:81	True
d1877::span:499:504	d1877::span:1159:1170	True
d1878::span:561:574	d1878::span:23:30	True
d1880::span:0:8	d1880::span:410:418	True
d1887::span:18:24	d1887::span:53:71	True
d1889::span:0:4	d1889::span:35:40	True
d1891::span:7:15	d1891::span:27:33	True
d1892::span:0:3	d1892::span:21:27	True
d1894::span:0:6	d1894::span:16:23	True
d1895::span:0:6	d1895::span:16:24	True
d1898::span:0:5	d1898::span:270:279	True
d1899::span:0:10	d1899::span:67:74	True
d1901::span:0:3	d1901::span:273:276	True
d1902::span:0:11	d1902::span:163:168	True
d1903::span:0:13	d1903::span:27:36	True
d1904::span:0:5	d1904::span:23:32	True
d1905::span:0:6	d1905::span:65:71	True
d1906::span:0:16	d1906::span:88:92	True
d1907::span:0:14	d1907::span:71:76	True
d1908::span:145:150	d1908::span:11:18	True
d1909::span:172:180	d1909::span:1117:1132	True
d1910::span:41:53	d1910::span:80:102	True
d1911::span:7:11	d1911::span:37:47	True
d1912::span:130:138	d1912::span:191:198	True
d1915::span:9:15	d1915::span:742:753	True
d1919::span:0:5	d1919::span:286:291	True
d1920::span:0:13	d1920::span:23:28	True
d1922::span:0:21	d1922::span:189:194	True
d1923::span:460:464	d1923::span:482:491	True
d1924::span:19:29	d1924::span:82:87	True
d1925::span:0:5	d1925::span:15:41	True
d1926::span:6:11	d1926::span:104:109	True
d1927::span:182:189	d1927::span:373:385	True
d1928::span:77:90	d1928::span:120:124	True
d1929::span:0:7	d1929::span:29:37	True
d1930::span:0:5	d1930::span:309:321	True
d1932::span:0:22	d1932::span:1037:1041	True
d1933::span:104:117	d1933::span:147:154	True
d1934::span:0:15	d1934::span:116:122	True
d1935::span:0:12	d1935::span:47:54	True
d1936::span:81:86	d1936::span:153:164	True
d1937::span:149:166	d1937::span:176:181	True
d1938::span:15:21	d1938::span:222:227	True
d1939::span:4:14	d1939::span:80:90	True
d1942::span:0:6	d1942::span:81:96	True
d1946::span:0:9	d1946::span:292:298	True
d1947::span:272:281	d1947::span:560:564	True
d1948::span:245:262	d1948::span:286:291	True
d1950::span:0:5	d1950::span:180:189	True
d1952::span:0:10	d1952::span:28:36	True
d1953::span:0:4	d1953::span:123:130	True
d1955::span:226:236	d1955::span:394:407	True
d1956::span:49:66	d1956::span:382:393	True
d1957::span:0:6	d1957::span:78:88	True
d1958::span:0:5	d1958::span:23:44	True
d1959::span:0:6	d1959::span:75:84	True
d1960::span:0:4	d1960::span:44:51	True
d1962::span:0:4	d1962::span:26:34	True
d1964::span:342:352	d1964::span:378:387	True
d1965::span:7:20	d1965::span:894:901	True
d1966::span:0:8	d1966::span:155:162	True
d1967::span:164:169	d1967::span:310:320	True
d1968::span:0:15	d1968::span:214:218	True
d1969::span:17:20	d1969::span:511:546	True
d1971::span:132:137	d1971::span:30:37	True
d1975::span:0:8	d1975::span:116:124	True
d1976::span:42:47	d1976::span:324:329	True
d1977::span:7:18	d1977::span:43:60	True
d1979::span:346:356	d1979::span:308:312	True
d1980::span:196:204	d1980::span:245:261	True
d1981::span:0:10	d1981::span:582:589	True
d1983::span:0:5	d1983::span:198:205	True
d1985::span:4:10	d1985::span:168:179	True
d1987::span:0:10	d1987::span:179:192	True
d1989::span:0:16	d1989::span:206:215	True
d1990::span:0:6	d1990::span:134:144	True
d1991::span:0:3	d1991::span:25:33	True
d1994::span:62:69	d1994::span:223:232	True
d1995::span:0:7	d1995::span:99:114	True
d1996::span:0:2	d1996::span:32:37	True
d1997::span:28:34	d1997::span:16:25	True
d1998::span:0:8	d1998::span:217:239	True
d2000::span:0:7	d2000::span:34:39	True
d2001::span:0:4	d2001::span:22:30	True
d2002::span:0:3	d2002::span:25:36	True
d2003::span:0:4	d2003::span:14:22	True
d2004::span:0:3	d2004::span:31:40	True
d2005::span:0:14	d2005::span:47:54	True
d2009::span:0:11	d2009::span:39:42	True
d2010::span:31:39	d2010::span:457:462	True
d2011::span:25:30	d2011::span:76:82	True
d2012::span:0:5	d2012::span:183:189	True
d2017::span:124:130	d2017::span:12:24	True
d2019::span:361:370	d2019::span:171:180	True
d2020::span:20:27	d2020::span:105:110	True
d2021::span:58:72	d2021::span:173:178	True
d2022::span:75:87	d2022::span:282:288	True
d2024::span:0:21	d2024::span:218:227	True
d2025::span:0:15	d2025::span:267:272	True
d2027::span:0:3	d2027::span:13:19	True
d2028::span:0:13	d2028::span:37:47	True
d2029::span:15:22	d2029::span:243:254	True
d2032::span:86:90	d2032::span:151:162	True
d2033::span:0:4	d2033::span:87:110	True
d2036::span:0:4	d2036::span:29:34	True
d2037::span:288:296	d2037::span:24:36	True
d2039::span:0:22	d2039::span:87:95	True
d2040::span:29:34	d2040::span:221:228	True
d2041::span:35:41	d2041::span:130:138	True
d2043::span:0:5	d2043::span:18:24	True
d2044::span:23:29	d2044::span:161:168	True
d2045::span:0:6	d2045::span:321:327	True
d2046::span:367:379	d2046::span:443:455	True
d2047::span:397:402	d2047::span:412:420	True
d2048::span:9:16	d2048::span:473:479	True
d2049::span:45:50	d2049::span:101:108	True
d2050::span:137:142	d2050::span:88:93	True
d2051::span:0:5	d2051::span:122:137	True
d2052::span:0:8	d2052::span:28:36	True
d2056::span:334:341	d2056::span:567:575	True
d2057::span:21:29	d2057::span:47:49	True
d2059::span:0:9	d2059::span:116:131	True
d2063::span:0:3	d2063::span:67:76	True
d2064::span:490:495	d2064::span:200:206	True
d2065::span:0:7	d2065::span:70:82	True
d2066::span:0:14	d2066::span:1515:1522	True
d2067::span:418:426	d2067::span:456:460	True
d2068::span:0:3	d2068::span:35:42	True
d2069::span:0:3	d2069::span:29:34	True
d2072::span:48:53	d2072::span:183:188	True
d2074::span:121:128	d2074::span:138:149	True
d2077::span:0:10	d2077::span:28:37	True
d2078::span:323:331	d2078::span:15:21	True
d2079::span:313:320	d2079::span:372:378	True
d2080::span:0:7	d2080::span:17:26	True
d2081::span:0:3	d2081::span:132:147	True
d2085::span:0:14	d2085::span:24:32	True
d2088::span:0:11	d2088::span:50:56	True
d2090::span:0:4	d2090::span:28:36	True
d2091::span:0:7	d2091::span:35:45	True
d2093::span:0:5	d2093::span:44:53	True
d2094::span:0:18	d2094::span:88:97	True
d2096::span:269:280	d2096::span:18:36	True
d2097::span:0:7	d2097::span:34:44	True
d2099::span:45:53	d2099::span:434:443	True
d2100::span:0:5	d2100::span:36:41	True
d2101::span:0:12	d2101::span:32:39	True
d2102::span:0:12	d2102::span:468:474	True
d2104::span:0:17	d2104::span:168:179	True
d2105::span:123:134	d2105::span:14:19	True
d2106::span:0:16	d2106::span:47:53	True
d2109::span:35:41	d2109::span:53:65	True
d2110::span:142:148	d2110::span:177:183	True
d2111::span:0:6	d2111::span:141:148	True
d2112::span:51:58	d2112::span:607:618	True
d2113::span:0:4	d2113::span:22:33	True
d2114::span:0:6	d2114::span:16:34	True
d2115::span:0:4	d2115::span:59:72	True
d2116::span:0:17	d2116::span:27:32	True
d2119::span:47:52	d2119::span:1416:1423	True
d2120::span:293:304	d2120::span:179:182	True
d2122::span:0:9	d2122::span:418:424	True
d2123::span:0:4	d2123::span:18:28	True
d2125::span:9:15	d2125::span:318:329	True
d2128::span:81:86	d2128::span:539:567	True
d2130::span:78:90	d2130::span:112:120	True
d2132::span:0:6	d2132::span:457:463	True
d2133::span:0:6	d2133::span:305:316	True
d2134::span:0:14	d2134::span:32:38	True
d2135::span:0:5	d2135::span:37:47	True
d2137::span:0:5	d2137::span:35:43	True
d2138::span:237:241	d2138::span:541:548	True
d2141::span:0:11	d2141::span:21:25	True
d2142::span:190:196	d2142::span:11:19	True
d2144::span:0:5	d2144::span:490:497	True
d2145::span:0:4	d2145::span:80:89	True
d2146::span:633:639	d2146::span:279:287	True
d2147::span:10:14	d2147::span:701:707	True
d2148::span:166:181	d2148::span:204:207	True
d2149::span:0:14	d2149::span:42:53	True
d2150::span:0:8	d2150::span:418:423	True
d2151::span:186:193	d2151::span:203:211	True
d2152::span:809:822	d2152::span:62:73	True
d2153::span:0:4	d2153::span:271:289	True
d2154::span:0:6	d2154::span:197:206	True
d2156::span:47:53	d2156::span:249:256	True
d2157::span:756:760	d2157::span:542:544	True
d2158::span:0:5	d2158::span:106:111	True
d2160::span:0:35	d2160::span:271:280	True
d2162::span:0:3	d2162::span:45:52	True
d2163::span:209:214	d2163::span:696:700	True
d2166::span:7:20	d2166::span:73:77	True
d2167::span:8:14	d2167::span:382:390	True
d2168::span:121:126	d2168::span:11:17	True
d2169::span:0:11	d2169::span:29:34	True
d2170::span:16:20	d2170::span:61:69	True
d2171::span:0:3	d2171::span:661:667	True
d2172::span:313:327	d2172::span:385:398	True
d2175::span:0:9	d2175::span:52:57	True
d2180::span:0:12	d2180::span:297:304	True
d2181::span:20:27	d2181::span:146:153	True
d2182::span:5:9	d2182::span:72:79	True
d2184::span:0:10	d2184::span:310:321	True
d2186::span:4:22	d2186::span:605:609	True
d2187::span:0:9	d2187::span:35:42	True
d2188::span:0:8	d2188::span:159:162	True
d2193::span:77:81	d2193::span:120:135	True
d2197::span:0:17	d2197::span:74:80	True
d2198::span:0:12	d2198::span:88:95	True
d2199::span:0:14	d2199::span:121:133	True
d2201::span:0:8	d2201::span:18:24	True
d2204::span:17:23	d2204::span:356:361	True
d2206::span:0:13	d2206::span:38:45	True
d2207::span:0:11	d2207::span:61:68	True
d2208::span:6:12	d2208::span:244:257	True
d2209::span:0:6	d2209::span:34:40	True
d2211::span:160:167	d2211::span:276:282	True
d2213::span:0:17	d2213::span:51:61	True
d2214::span:34:37	d2214::span:809:817	True
d2216::span:0:4	d2216::span:31:40	True
d2217::span:0:8	d2217::span:20:29	True
d2223::span:0:9	d2223::span:39:49	True
d2226::span:9:15	d2226::span:227:237	True
d2228::span:0:5	d2228::span:214:229	True
d2232::span:224:231	d2232::span:301:307	True
d2234::span:0:15	d2234::span:180:190	True
d2235::span:0:6	d2235::span:37:43	True
d2236::span:0:5	d2236::span:359:368	True
d2237::span:0:6	d2237::span:157:168	True
d2238::span:9:13	d2238::span:216:227	True
d2239::span:0:6	d2239::span:708:729	True
d2243::span:27:31	d2243::span:58:64	True
d2244::span:0:3	d2244::span:37:42	True
d2245::span:123:130	d2245::span:110:120	True
d2246::span:0:6	d2246::span:28:37	True
d2247::span:130:136	d2247::span:176:181	True
d2248::span:49:54	d2248::span:64:68	True
d2250::span:293:296	d2250::span:2106:2111	True
d2251::span:0:8	d2251::span:30:34	True
d2252::span:0:12	d2252::span:74:79	True
d2253::span:14:18	d2253::span:173:181	True
d2258::span:0:12	d2258::span:53:60	True
d2259::span:0:10	d2259::span:724:728	True
d2261::span:58:65	d2261::span:140:145	True
d2262::span:0:15	d2262::span:46:54	True
d2265::span:0:8	d2265::span:101:144	True
d2268::span:456:464	d2268::span:500:506	True
d2270::span:0:6	d2270::span:28:34	True
d2271::span:0:12	d2271::span:120:128	True
d2273::span:239:247	d2273::span:527:543	True
d2274::span:8:14	d2274::span:225:232	True
d2277::span:0:13	d2277::span:38:48	True
d2278::span:0:5	d2278::span:65:70	True
d2280::span:0:5	d2280::span:119:124	True
d2281::span:18:23	d2281::span:942:958	True
d2283::span:16:28	d2283::span:403:415	True
d2284::span:5:13	d2284::span:23:29	True
d2285::span:0:4	d2285::span:67:71	True
d2288::span:18:25	d2288::span:150:156	True
d2290::span:0:6	d2290::span:28:34	True
d2291::span:0:7	d2291::span:35:40	True
d2293::span:56:61	d2293::span:526:534	True
d2295::span:0:16	d2295::span:47:57	True
d2298::span:20:25	d2298::span:47:62	True
d2303::span:0:13	d2303::span:153:162	True
d2304::span:0:4	d2304::span:31:35	True
d2305::span:225:234	d2305::span:146:155	True
d2311::span:14:17	d2311::span:82:96	True
d2312::span:21:28	d2312::span:80:98	True
d2315::span:0:6	d2315::span:364:374	True
d2316::span:44:49	d2316::span:186:191	True
d2319::span:0:4	d2319::span:139:148	True
d2320::span:0:19	d2320::span:262:269	True
d2322::span:0:8	d2322::span:37:46	True
d2324::span:333:340	d2324::span:166:189	True
d2331::span:0:8	d2331::span:140:148	True
d2332::span:0:14	d2332::span:61:69	True
d2333::span:0:3	d2333::span:136:151	True
d2336::span:170:177	d2336::span:379:383	True
d2339::span:92:98	d2339::span:579:585	True
d2344::span:0:4	d2344::span:260:275	True
d2345::span:0:6	d2345::span:84:95	True
d2346::span:29:40	d2346::span:986:995	True
d2347::span:0:6	d2347::span:70:90	True
d2349::span:15:32	d2349::span:44:50	True
d2350::span:373:379	d2350::span:55:64	True
d2351::span:0:6	d2351::span:28:37	True
d2352::span:0:12	d2352::span:81:90	True
d2354::span:0:6	d2354::span:222:227	True
d2358::span:0:4	d2358::span:62:70	True
d2360::span:0:22	d2360::span:305:320	True
d2361::span:0:5	d2361::span:35:62	True
d2363::span:0:12	d2363::span:464:475	True
d2366::span:0:12	d2366::span:229:242	True
d2367::span:0:3	d2367::span:33:38	True
d2368::span:0:4	d2368::span:22:30	True
d2370::span:0:3	d2370::span:427:435	True
d2377::span:79:87	d2377::span:120:124	True
d2380::span:57:64	d2380::span:50:54	True
d2384::span:0:13	d2384::span:59:69	True
d2386::span:0:4	d2386::span:41:44	True
d2387::span:0:13	d2387::span:101:105	True
d2388::span:0:17	d2388::span:123:128	True
d2390::span:0:13	d2390::span:273:279	True
d2391::span:0:3	d2391::span:199:211	True
d2394::span:0:4	d2394::span:89:103	True
d2395::span:0:4	d2395::span:387:395	True
d2397::span:0:5	d2397::span:567:575	True
d2399::span:28:36	d2399::span:140:148	True
d2403::span:0:4	d2403::span:34:43	True
d2407::span:0:6	d2407::span:41:46	True
d2408::span:0:11	d2408::span:41:46	True
d2410::span:0:15	d2410::span:382:391	True
d2412::span:0:12	d2412::span:52:62	True
d2415::span:26:30	d2415::span:163:170	True
d2416::span:0:10	d2416::span:38:48	True
d2419::span:0:13	d2419::span:76:82	True
d2420::span:548:555	d2420::span:390:397	True
d2424::span:132:135	d2424::span:313:321	True
d2430::span:0:3	d2430::span:97:107	True
d2431::span:0:7	d2431::span:690:694	True
d2432::span:0:7	d2432::span:403:413	True
d2433::span:0:5	d2433::span:207:212	True
d2435::span:0:5	d2435::span:23:31	True
d2436::span:663:670	d2436::span:680:686	True
d2437::span:0:5	d2437::span:27:39	True
d2438::span:65:74	d2438::span:101:110	True
d2439::span:0:18	d2439::span:75:83	True
d2440::span:0:8	d2440::span:35:43	True
d2444::span:7:12	d2444::span:34:49	True
d2450::span:0:5	d2450::span:15:38	True
d2457::span:0:7	d2457::span:29:37	True
d2458::span:0:21	d2458::span:414:420	True
d2462::span:0:3	d2462::span:25:30	True
d2463::span:728:735	d2463::span:824:834	True
d2464::span:19:25	d2464::span:645:652	True
d2466::span:0:6	d2466::span:428:432	True
d2467::span:0:5	d2467::span:185:191	True
d2468::span:570:576	d2468::span:639:646	True
d2469::span:246:255	d2469::span:700:719	True
d2470::span:0:3	d2470::span:553:559	True
d2472::span:0:7	d2472::span:39:47	True
d2473::span:0:7	d2473::span:222:230	True
d2475::span:159:173	d2475::span:128:141	True
d2476::span:0:9	d2476::span:857:875	True
d2480::span:0:13	d2480::span:62:69	True
d2482::span:18:26	d2482::span:268:275	True
d2486::span:24:28	d2486::span:72:78	True
d2489::span:429:435	d2489::span:450:453	True
d2491::span:28:35	d2491::span:306:311	True
d2492::span:0:9	d2492::span:78:89	True
d2493::span:0:13	d2493::span:161:165	True
d2494::span:28:35	d2494::span:255:270	True
d2495::span:0:6	d2495::span:16:22	True
d2497::span:0:6	d2497::span:199:206	True
d2501::span:0:13	d2501::span:31:37	True
d2503::span:0:5	d2503::span:66:75	True
d2504::span:0:7	d2504::span:157:162	True
d2505::span:0:6	d2505::span:437:446	True
d2509::span:0:6	d2509::span:973:980	True
d2510::span:0:8	d2510::span:232:241	True
d2511::span:162:168	d2511::span:294:301	True
d2512::span:0:6	d2512::span:56:64	True
d2513::span:0:9	d2513::span:156:161	True
d2515::span:0:4	d2515::span:139:154	True
d2517::span:205:212	d2517::span:11:19	True
d2518::span:0:3	d2518::span:80:88	True
d2519::span:125:139	d2519::span:338:353	True
d2520::span:48:51	d2520::span:789:794	True
d2525::span:0:4	d2525::span:72:78	True
d2526::span:0:10	d2526::span:39:46	True
d2527::span:0:3	d2527::span:13:23	True
d2529::span:9:23	d2529::span:475:487	True
d2535::span:14:18	d2535::span:371:378	True
d2537::span:0:9	d2537::span:328:337	True
d2538::span:78:89	d2538::span:507:521	True
d2543::span:120:125	d2543::span:20:29	True
d2546::span:34:39	d2546::span:162:171	True
d2549::span:8:14	d2549::span:24:30	True
d2552::span:0:11	d2552::span:39:46	True
d2553::span:0:5	d2553::span:15:23	True
d2557::span:33:39	d2557::span:109:114	True
d2558::span:19:25	d2558::span:98:102	True
d2559::span:0:7	d2559::span:86:97	True
d2561::span:0:12	d2561::span:178:181	True
d2563::span:0:24	d2563::span:126:135	True
d2564::span:0:5	d2564::span:27:37	True
d2572::span:0:5	d2572::span:1181:1196	True
d2573::span:143:149	d2573::span:25:33	True
d2576::span:19:25	d2576::span:343:353	True
d2577::span:31:34	d2577::span:811:825	True
d2578::span:0:20	d2578::span:89:94	True
d2581::span:0:7	d2581::span:244:251	True
d2586::span:206:218	d2586::span:240:249	True
d2587::span:0:6	d2587::span:77:86	True
d2588::span:0:16	d2588::span:42:49	True
d2589::span:0:5	d2589::span:45:49	True
d2590::span:12:17	d2590::span:354:365	True
d2593::span:0:5	d2593::span:15:26	True
d2595::span:0:5	d2595::span:158:166	True
d2596::span:26:32	d2596::span:114:123	True
d2598::span:0:6	d2598::span:274:285	True
d2599::span:76:82	d2599::span:896:903	True
d2600::span:0:12	d2600::span:36:42	True
d2605::span:0:13	d2605::span:44:55	True
d2606::span:404:410	d2606::span:576:585	True
d2607::span:0:3	d2607::span:78:102	True
d2608::span:0:6	d2608::span:430:437	True
d2609::span:0:6	d2609::span:35:43	True
d2610::span:36:40	d2610::span:11:14	True
d2613::span:63:70	d2613::span:619:622	True
d2614::span:170:176	d2614::span:308:318	True
d2616::span:0:3	d2616::span:47:57	True
d2617::span:0:6	d2617::span:237:246	True
d2618::span:0:10	d2618::span:42:50	True
d2621::span:0:3	d2621::span:201:208	True
d2622::span:0:4	d2622::span:22:27	True
d2624::span:70:75	d2624::span:798:813	True
d2625::span:0:4	d2625::span:33:41	True
d2626::span:0:10	d2626::span:32:40	True
d2627::span:0:8	d2627::span:47:55	True
d2630::span:161:181	d2630::span:39:48	True
d2631::span:0:4	d2631::span:42:52	True
d2632::span:11:19	d2632::span:33:39	True
d2634::span:0:6	d2634::span:640:645	True
d2635::span:0:13	d2635::span:35:42	True
d2639::span:0:6	d2639::span:16:22	True
d2644::span:661:668	d2644::span:678:681	True
d2645::span:222:226	d2645::span:186:191	True
d2646::span:0:5	d2646::span:15:23	True
d2647::span:0:7	d2647::span:17:23	True
d2648::span:72:76	d2648::span:136:139	True
d2649::span:0:5	d2649::span:32:36	True
d2650::span:41:54	d2650::span:126:134	True
d2651::span:0:18	d2651::span:282:290	True
d2653::span:139:142	d2653::span:29:37	True
d2655::span:406:412	d2655::span:230:235	True
d2658::span:22:37	d2658::span:67:72	True
d2660::span:55:59	d2660::span:116:122	True
d2661::span:0:5	d2661::span:116:125	True
d2663::span:267:271	d2663::span:84:96	True
d2664::span:150:156	d2664::span:33:38	True
d2666::span:0:13	d2666::span:118:127	True
d2667::span:49:58	d2667::span:547:554	True
d2669::span:0:15	d2669::span:460:466	True
d2671::span:0:22	d2671::span:73:81	True
d2672::span:0:36	d2672::span:262:267	True
d2673::span:0:10	d2673::span:41:47	True
d2675::span:143:149	d2675::span:308:320	True
d2679::span:0:12	d2679::span:36:46	True
d2681::span:0:5	d2681::span:15:18	True
d2682::span:203:211	d2682::span:44:53	True
d2684::span:38:42	d2684::span:27:35	True
d2685::span:0:6	d2685::span:171:176	True
d2687::span:24:28	d2687::span:67:75	True
d2688::span:179:186	d2688::span:96:99	True
d2689::span:9:17	d2689::span:166:174	True
d2691::span:41:54	d2691::span:648:662	True
d2693::span:8:14	d2693::span:249:255	True
d2694::span:260:264	d2694::span:448:452	True
d2695::span:0:6	d2695::span:148:156	True
d2696::span:0:16	d2696::span:44:55	True
d2701::span:11:15	d2701::span:139:144	True
d2702::span:0:6	d2702::span:296:307	True
d2704::span:0:5	d2704::span:910:923	True
d2705::span:0:16	d2705::span:57:64	True
d2706::span:0:8	d2706::span:96:102	True
d2707::span:207:213	d2707::span:927:932	True
d2708::span:53:64	d2708::span:714:722	True
d2709::span:0:7	d2709::span:17:24	True
d2711::span:0:23	d2711::span:506:514	True
d2712::span:36:52	d2712::span:1111:1116	True
d2713::span:0:4	d2713::span:167:170	True
d2715::span:0:6	d2715::span:456:461	True
d2718::span:0:9	d2718::span:58:67	True
d2720::span:0:23	d2720::span:662:671	True
d2721::span:0:15	d2721::span:46:54	True
d2722::span:0:10	d2722::span:1231:1243	True
d2724::span:0:6	d2724::span:229:235	True
d2725::span:26:30	d2725::span:188:197	True
d2726::span:61:69	d2726::span:460:471	True
d2728::span:19:22	d2728::span:53:61	True
d2729::span:292:296	d2729::span:426:433	True
d2730::span:9:16	d2730::span:349:355	True
d2733::span:51:57	d2733::span:1325:1333	True
d2734::span:9:15	d2734::span:115:122	True
d2736::span:0:6	d2736::span:28:39	True
d2738::span:0:9	d2738::span:538:551	True
d2740::span:0:7	d2740::span:422:433	True
d2741::span:72:78	d2741::span:528:542	True
d2743::span:40:55	d2743::span:86:95	True
d2744::span:9:14	d2744::span:70:75	True
d2745::span:0:9	d2745::span:36:42	True
d2749::span:21:25	d2749::span:112:121	True
d2751::span:0:5	d2751::span:15:21	True
d2752::span:0:10	d2752::span:20:28	True
d2757::span:0:6	d2757::span:16:23	True
d2760::span:0:4	d2760::span:88:103	True
d2761::span:104:107	d2761::span:1181:1186	True
d2764::span:0:7	d2764::span:285:291	True
d2767::span:0:6	d2767::span:28:33	True
d2768::span:3:7	d2768::span:337:344	True
d2769::span:211:219	d2769::span:462:475	True
d2771::span:0:15	d2771::span:43:51	True
d2773::span:0:6	d2773::span:42:47	True
d2776::span:0:5	d2776::span:32:40	True
d2777::span:0:9	d2777::span:137:152	True
d2779::span:0:6	d2779::span:304:313	True
d2780::span:0:15	d2780::span:148:160	True
d2781::span:0:5	d2781::span:112:123	True
d2783::span:48:70	d2783::span:102:115	True
d2784::span:0:5	d2784::span:93:101	True
d2785::span:0:7	d2785::span:46:51	True
d2787::span:51:61	d2787::span:235:244	True
d2788::span:0:21	d2788::span:166:186	True
d2789::span:232:236	d2789::span:92:95	True
d2791::span:0:5	d2791::span:34:45	True
d2794::span:142:146	d2794::span:71:80	True
d2802::span:0:5	d2802::span:2101:2106	True
d2803::span:0:12	d2803::span:373:386	True
d2804::span:0:8	d2804::span:194:201	True
d2808::span:0:11	d2808::span:76:81	True
d2809::span:0:13	d2809::span:779:793	True
d2810::span:0:6	d2810::span:26:37	True
d2814::span:0:5	d2814::span:16:21	True
d2815::span:720:739	d2815::span:766:771	True
d2817::span:0:5	d2817::span:395:406	True
d2820::span:16:21	d2820::span:744:754	True
d2821::span:0:4	d2821::span:32:37	True
d2823::span:0:6	d2823::span:16:21	True
d2825::span:0:6	d2825::span:536:545	True
d2827::span:0:12	d2827::span:159:164	True
d2828::span:14:28	d2828::span:38:51	True
d2829::span:0:9	d2829::span:412:417	True
d2830::span:83:89	d2830::span:548:561	True
d2831::span:0:12	d2831::span:225:235	True
d2832::span:0:5	d2832::span:23:32	True
d2833::span:0:3	d2833::span:15:18	True
d2836::span:0:4	d2836::span:32:44	True
d2837::span:0:5	d2837::span:358:370	True
d2842::span:0:12	d2842::span:34:45	True
d2843::span:0:6	d2843::span:493:502	True
d2844::span:0:6	d2844::span:16:24	True
d2845::span:0:9	d2845::span:49:55	True
d2846::span:7:25	d2846::span:1704:1712	True
d2847::span:0:6	d2847::span:27:36	True
d2848::span:0:6	d2848::span:28:32	True
d2849::span:0:6	d2849::span:236:252	True
d2854::span:70:77	d2854::span:16:23	True
d2855::span:0:6	d2855::span:38:46	True
d2859::span:179:186	d2859::span:466:473	True
d2860::span:0:13	d2860::span:93:98	True
d2863::span:188:201	d2863::span:254:262	True
d2865::span:0:8	d2865::span:875:885	True
d2867::span:0:4	d2867::span:835:841	True
d2868::span:52:57	d2868::span:274:283	True
d2870::span:0:4	d2870::span:14:34	True
d2872::span:0:8	d2872::span:69:74	True
d2874::span:0:5	d2874::span:164:174	True
d2876::span:0:5	d2876::span:150:154	True
d2879::span:0:16	d2879::span:50:55	True
d2880::span:65:72	d2880::span:403:410	True
d2882::span:0:6	d2882::span:41:52	True
d2883::span:58:80	d2883::span:111:120	True
d2884::span:0:13	d2884::span:33:42	True
d2886::span:7:12	d2886::span:258:265	True
d2887::span:0:14	d2887::span:97:102	True
d2888::span:17:22	d2888::span:178:188	True
d2890::span:0:5	d2890::span:92:101	True
d2891::span:17:22	d2891::span:232:236	True
d2892::span:0:12	d2892::span:65:72	True
d2893::span:48:61	d2893::span:540:545	True
d2894::span:186:191	d2894::span:209:212	True
d2895::span:83:89	d2895::span:117:126	True
d2896::span:53:60	d2896::span:86:97	True
d2900::span:0:9	d2900::span:60:70	True
d2901::span:0:8	d2901::span:481:486	True
d2903::span:207:215	d2903::span:238:241	True
d2904::span:0:5	d2904::span:67:75	True
d2906::span:0:3	d2906::span:131:139	True
d2907::span:353:358	d2907::span:625:631	True
d2908::span:532:536	d2908::span:532:536	True
d2910::span:0:4	d2910::span:35:39	True
d2911::span:0:5	d2911::span:157:164	True
d2913::span:42:50	d2913::span:348:355	True
d2914::span:0:4	d2914::span:14:18	True
d2915::span:0:7	d2915::span:37:43	True
d2916::span:0:5	d2916::span:25:39	True
d2918::span:196:213	d2918::span:240:245	True
d2919::span:0:4	d2919::span:136:144	True
d2920::span:0:7	d2920::span:50:56	True
d2921::span:0:7	d2921::span:30:38	True
d2922::span:0:13	d2922::span:126:130	True
d2923::span:432:447	d2923::span:473:484	True
d2924::span:0:9	d2924::span:106:115	True
d2926::span:50:63	d2926::span:96:103	True
d2927::span:312:327	d2927::span:358:361	True
d2929::span:0:10	d2929::span:67:74	True
d2930::span:137:142	d2930::span:315:323	True
d2932::span:8:14	d2932::span:367:376	True
d2935::span:0:13	d2935::span:45:51	True
d2938::span:0:16	d2938::span:44:49	True
d2939::span:61:68	d2939::span:133:137	True
d2940::span:0:6	d2940::span:147:155	True
d2941::span:0:10	d2941::span:94:103	True
d2942::span:0:4	d2942::span:30:37	True
d2944::span:0:13	d2944::span:256:267	True
d2945::span:36:40	d2945::span:82:86	True
d2947::span:0:4	d2947::span:26:34	True
d2948::span:0:12	d2948::span:42:54	True
d2949::span:0:24	d2949::span:237:243	True
d2950::span:9:13	d2950::span:295:305	True
d2956::span:235:244	d2956::span:26:35	True
d2957::span:0:4	d2957::span:21:33	True
d2959::span:387:396	d2959::span:418:427	True
d2962::span:0:3	d2962::span:112:123	True
d2965::span:353:360	d2965::span:260:272	True
d2966::span:0:14	d2966::span:35:43	True
d2968::span:25:29	d2968::span:170:186	True
d2970::span:9:15	d2970::span:445:453	True
d2971::span:0:3	d2971::span:21:33	True
d2973::span:138:151	d2973::span:361:365	True
d2974::span:95:100	d2974::span:1477:1490	True
d2975::span:0:5	d2975::span:100:105	True
d2976::span:0:7	d2976::span:246:257	True
d2977::span:33:39	d2977::span:373:376	True
d2978::span:29:32	d2978::span:109:139	True
d2979::span:29:36	d2979::span:185:187	True
d2983::span:256:268	d2983::span:319:328	True
d2985::span:0:8	d2985::span:30:44	True
d2988::span:0:10	d2988::span:54:58	True
d2989::span:21:29	d2989::span:177:182	True
d2990::span:25:30	d2990::span:676:688	True
d2994::span:0:6	d2994::span:88:99	True
d2996::span:39:44	d2996::span:29:36	True
d2997::span:0:6	d2997::span:294:309	True
d2998::span:14:23	d2998::span:325:335	True
d2999::span:0:14	d2999::span:82:90	True
d3000::span:0:4	d3000::span:170:174	True
d3002::span:72:80	d3002::span:427:431	True
d3003::span:0:4	d3003::span:58:64	True
d3004::span:166:171	d3004::span:222:226	True
d3005::span:0:8	d3005::span:18:30	True
d3006::span:59:63	d3006::span:871:881	True
d3011::span:122:127	d3011::span:167:176	True
d3012::span:20:26	d3012::span:1513:1522	True
d3013::span:35:47	d3013::span:474:480	True
d3016::span:0:6	d3016::span:233:241	True
d3017::span:0:24	d3017::span:53:63	True
d3019::span:0:11	d3019::span:24:28	True
d3021::span:23:32	d3021::span:322:327	True
d3024::span:0:3	d3024::span:43:48	True
d3025::span:26:37	d3025::span:250:253	True
d3026::span:0:18	d3026::span:270:274	True
d3027::span:0:6	d3027::span:248:253	True
d3028::span:241:250	d3028::span:93:100	True
d3030::span:0:6	d3030::span:126:137	True
d3032::span:286:298	d3032::span:149:156	True
d3036::span:0:5	d3036::span:80:101	True
d3037::span:0:4	d3037::span:46:54	True
d3038::span:0:3	d3038::span:21:38	True
d3040::span:8:12	d3040::span:304:314	True
d3041::span:0:7	d3041::span:115:130	True
