d0	Toño Salazar	San Salvador	True
d1	Charles Garry	Berkeley	True
d2	Joel Hedgpeth	Hillsboro, Oregon	True
d3	Margaret Chalmers	Lerwick	True
d4	Charles Molloy Westmacott	Paris	True
d5	Charles Walter Allfrey	Bristol	True
d6	Elizabeth Anne Wells Cannon	Salt Lake City	True
d8	Enrico Bevignani	Naples	True
d9	Helen Ring Robinson	Denver	True
d11	Rose Chan	Butterworth	True
d13	Agnes Newton Keith	Oak Bay	True
d14	José Ber Gelbard	Washington, D.C.	True
d15	Robert Gilchrist Jr.	Jersey City	True
d18	Jean André	Paris	True
d19	Charley Thornton	Tuscaloosa	True
d20	Stanley Fink	Massachusetts General Hospital	True
d22	Rick McNair	Winnipeg	True
d23	Charles Joseph Alleyn	Quebec City	True
d24	Robert Knox	St Peter le Poer	True
d25	Cesare Facchinetti	Rome	True
d26	Harry H. Johnson	Kerrville	True
d27	Attalus I	Pergamon	True
d29	Sylvanus Thayer	Braintree, Massachusetts	True
d30	Horace G. Snover	Port Huron	True
d31	Frederic Baraga	Marquette	True
d32	Harriet Monroe	Arequipa	True
d33	Johanna Beyer	New York City	True
d34	Joe Morley	London	True
d35	Auguste Carayon	Poitiers	True
d36	Hal Draper	Berkeley	True
d37	Nathan Webb	Uxbridge	True
d38	Clive Hulme	Te Puke	True
d39	Percy Herring	St Andrews	True
d40	Milo White	Chatfield	True
d41	Maija Grotell	Pontiac	True
d42	Victor Ganz	New York City	True
d43	Andreas Dippel	Hollywood	True
d44	Paul W. Shafer	Washington, D.C.	True
d45	Anita King	Hollywood	True
d46	Andrew Wylie	Washington, D.C.	True
d47	Henry Nutcombe Oxenham	Kensington	True
d48	Walter Norris	Berlin	True
d49	Adolf Dygasiński	Warsaw	True
d50	Abdullah Ma'ayat Shah of Johor	Tambelan Archipelago	True
d51	John Courtney Murray	Queens	True
d52	Felice Figliucci	Florence	True
d53	Emily Henrietta Hickey	London	True
d54	Benjamin Fawcett	Yeovil	True
d56	Joshua William Swartz	Harrisburg	True
d58	Morris Jacob Raphall	New York	True
d59	Albert of Brandenburg	Aschaffenburg	True
d61	Ezra Darby	Washington, D.C.	True
d62	Dayton E. Phillips	Kingsport	True
d63	William T. Dillard	Little Rock, Arkansas	True
d66	William Sharp	Chiswick	True
d68	James H. Pomerene	Chappaqua	True
d70	David Blair	Melbourne	True
d71	James L. English	Sacramento	True
d72	Peter Du Val	Bonaventure Island	True
d74	David Stirling	Charlottetown	True
d79	Thomas Broughton	Bristol	True
d80	Henry Holt	New York City	True
d81	Charles James	Hotel Chelsea	True
d83	Linda Dangcil	Los Angeles	True
d84	Georges Madon	Tunisia	True
d85	Theodorich Canisius	Ingolstadt	True
d86	Egidio Forcellini	Padua	True
d87	Togo Tanaka	Los Angeles	True
d88	Alexander Gordon	Ellon	True
d89	John Nathan Cobb	La Jolla	True
d90	Ben E. Cabell	Fort Sam Houston	True
d91	George Maddox	Melbourne	True
d93	Philip Barton Key II	Benjamin Ogle Tayloe House	True
d94	Giacomo Gagini	Palermo	True
d95	Robert Frederick Blum	New York	True
d96	James O'Neill	Southsea	True
d97	Cesare Valletti	Genoa	True
d98	Johann Conrad Dorner	Rome	True
d99	Vilém Klíma	Prague	True
d100	Henry Doubleday	Coggeshall	True
d101	Randolph Sinks Foster	Newton Centre	True
d102	Charles F. Cochran	St. Joseph	True
d103	Giovanni Maria Angioy	Paris	True
d104	Csaba Kesjár	Norisring	True
d105	Pierre Chany	Paris	True
d106	Anatoly Kyarov	Nalchik	True
d107	Henry Joseph O'Brien	Hartford	True
d108	Lee Shippey	Encinitas	True
d109	Claude Pollard	Austin	True
d110	Marie Studholme	London	True
d111	Perpète Evrard	The Hague	True
d112	Lydia Boucher	Montreal	True
d114	Henry J. Wilson	New Orleans	True
d115	Francisco Espoz y Mina	Barcelona	True
d116	James Melville	Berwick-upon-Tweed	True
d117	Josias Rowley	Drumsna	True
d119	Gaspare Mattei	Rome	True
d120	Oliver Hudson Kelley	Washington, D.C.	True
d121	C. Paul Jennewein	Larchmont	True
d122	Michael Heidelberger	Switzerland	True
d123	William James Paul	Ottawa	True
d124	Robert G. Bremner	Baltimore	True
d125	James Cannon	Philadelphia	True
d126	Rhys Isaac	Blairgowrie	True
d129	Wilson Thomas Hogue	Michigan City	True
d130	William T. Carroll	Torrington	True
d131	John Isaac Hawkins	Rahway	True
d132	Jacob Erdman	Coopersburg	True
d134	Romaine Fielding	Hollywood	True
d135	Joseph Ripley Chandler	Philadelphia	True
d136	John Augustine Macdonald	Cardigan	True
d138	Margaret of England, Duchess of Brabant	Belgium	True
d140	Baxter B. Stiles	Denver	True
d141	James Lomax Bardsley	Manchester	True
d144	Rene Villanueva	Philippine Heart Center	True
d146	Marjorie Hope Nicolson	White Plains	True
d147	Henry Beston	Nobleboro	True
d149	Leah Hirsig	Meiringen	True
d150	Gilbert Walmisley	Lichfield	True
d151	William Jethro Brown	Adelaide	True
d152	Simon Kornblit	Sandy Springs	True
d153	Charles Edward Russell	Washington, D.C.	True
d154	Veloor Krishnankutty	Kottayam	True
d155	Samuel Cousins	London	True
d157	Anna Ritter	Marburg	True
d158	Erik Eriksen	United States	True
d159	Tommy Seebach	Dyrehavsbakken	True
d161	Henry Pollexfen	Lincoln's Inn Fields	True
d162	Florijan Matekalo	Belgrade	True
d163	Burton Hatlen	Bangor	True
d164	Don Crabtree	Twin Falls	True
d165	Phyllis Dillon	New York City	True
d166	Hasballah M. Saad	Bekasi	True
d167	John Grice	Melbourne	True
d168	Douglas Harding	Nacton	True
d170	Jan Christiaan Heunis	Somerset West	True
d171	William Neville Hart	Inveraray Castle	True
d172	Samuel Swinton Jacob	Weybridge	True
d173	Felipe de León	Seville	True
d174	Cornelius Walsh	Newark	True
d175	Larry Clinton	Tucson	True
d176	Blanche Honegger Moyse	Brattleboro	True
d177	William Bell Dinsmoor Jr.	Athens	True
d179	John Glover	Norwich	True
d180	Lester Cole	San Francisco	True
d181	Giovanni Durando	Florence	True
d182	Walter Dandy	Johns Hopkins Hospital	True
d183	Elena Mumm Thornton Wilson	Wellfleet	True
d184	John W. Cranford	Washington, D.C.	True
d185	Benjamin Dale	London	True
d187	Homer H. Dubs	Oxford	True
d188	Sheila Stuart	Crieff	True
d189	Jacobus Trigland	Leiden	True
d190	Johannes Thienemann	Rybachy, Kaliningrad Oblast	True
d191	Daniel Waters	Malden, Massachusetts	True
d192	James Graham	Edinburgh	True
d193	Rose Clark	Buffalo	True
d194	Harold Roberts	Rednal	True
d195	Nancy Talbot	Boulder	True
d196	Thomas Ward	Newark	True
d197	Bill Stall	Sacramento	True
d201	William Coward	Walthamstow	True
d202	Edward Nathaniel Bancroft	Kingston, Jamaica	True
d203	Bob Carroll	Port Washington	True
d204	Herbert Ward Wilson	Caulfield	True
d205	Charlie Chamberlain	Bathurst	True
d206	Count Primo Magri	Middleborough	True
d207	Thomas Braidwood	Hackney Central	True
d208	Eleni Lambiri	Athens	True
d209	Wilfrid Girouard	Quebec City	True
d210	Benjamin D'Urban	Montreal	True
d212	Buenaventura Sitjar	California	True
d214	John Dickson	West Bloomfield	True
d215	Charles Abraham Elton	Bath	True
d217	Andrew Leith Hay	Leith Hall	True
d218	William Smith	London	True
d219	Francisco Gianotti	Buenos Aires	True
d221	Joseph P. Merlino	Princeton, New Jersey	True
d222	Grant Johannesen	Berlin	True
d223	Li Dequan	Beijing	True
d224	Henry A. Coffeen	Sheridan	True
d225	Lawrence Hartshorne	Dartmouth	True
d226	Bartolomé Flores	Talagante	True
d227	John Ferruggio	Milton	True
d228	Maria Pierina	Milan	True
d229	Sjeng Kerbusch	Nijmegen	True
d230	James Broadhead	St. Louis	True
d232	Konrad of Lichtenau	Bavaria	True
d233	Francesco Robba	Zagreb	True
d234	Edward Wortley Montagu	Padua	True
d235	Nahum Tate	Southwark	True
d236	Richard David Vine	Chestertown	True
d237	Thomas Ryan	Guildford	True
d239	William McCreery	Fairfield	True
d241	Maria Sokil	Youngstown	True
d244	Shelford Bidwell	Weybridge	True
d245	William Alfred Delamotte	Bromley	True
d246	Doug Dugger	Missoula	True
d248	John Rennie	Leith	True
d249	Nicholas G. Smith	Salt Lake City	True
d250	Martin Ferdinand Quadal	Saint Petersburg	True
d251	John Preston	Portland	True
d252	Nasr Abu Zayd	Cairo	True
d253	Speedy Long	Jena	True
d254	John Littleton Dawson	Fayette County, Pennsylvania	True
d255	Valdemar IV of Denmark	Gurre Castle	True
d256	Hugh Bowie Gilmour	Vancouver City	True
d257	Lucien Maxwell	Fort Sumner	True
d260	John Henry Barrow	Adelaide	True
d261	John Alexander MacPherson	Surrey	True
d262	Joaquín Madariaga	Porto Alegre	True
d264	Allen Brodrick	Wandsworth	True
d265	Virginia Proctor Powell Florence	Richmond	True
d266	Betty Goodwin	Montreal	True
d267	John Chipman Gray	Boston	True
d269	Edwin Davy	Wellington	True
d270	Vlas Doroshevich	Saint Petersburg	True
d271	Helmut Hamann	Siedliszcze, Włodawa County	True
d272	Oscar Natzka	New York City	True
d273	Joseph Rankin	Washington, D.C.	True
d274	Thomas McGraw	Mount Vernon, Glasgow	True
d275	Vladimir Lantsberg	Nuremberg	True
d276	Alberto II della Scala	Verona	True
d277	Walter Marcon	Norfolk	True
d278	Owen Roberts	Guildford	True
d279	Geoffrey le Scrope	Ghent	True
d281	E. A. Mitchell	Evansville	True
d282	Emma Bugbee	Warwick, Rhode Island	True
d283	Colin Fletcher	Monterey County, California	True
d284	James Newman	St Lucia	True
d285	William Woodford	New York City	True
d286	Richard Collins, Baron Collins	Hove	True
d287	Milner Gray	Wheathampstead	True
d288	William Evershed	Wisborough Green	True
d291	Marta Canales	Santiago	True
d292	William Henry Chipman	Ottawa	True
d294	John Hunter	Bath	True
d295	Augustus McCloskey	San Antonio	True
d296	Manmohan Ghose	Kolkata	True
d298	Ethel Merston	India	True
d299	Eric Aumonier	Ashburton	True
d300	John Maunsell	Florence	True
d301	Ernest Cimon	Quebec City	True
d302	John Flower	Leicester	True
d303	Karl Ludwig Fridolin von Sandberger	Würzburg	True
d304	John Joseph Paul	La Crosse	True
d305	Julio Linares	New York	True
d307	Halfdan Egedius	Oslo	True
d309	John Johnson	Leicester	True
d310	William C. Conner	Bronxville	True
d312	George William Childs	Philadelphia	True
d313	Oliver Granger	Kirtland	True
d314	William Henry Baldwin Jr.	Locust Valley	True
d316	Daniel Maynadier Henry	Cambridge	True
d317	Albert Watson	Sunderland	True
d318	Perley B. Johnson	McConnelsville	True
d319	Lindesay Clark	Kooyong	True
d320	William Purington Cole	Baltimore	True
d321	Thomas Jefferson Campbell	Washington, D.C.	True
d323	Victor Bădulescu	Sighetu Marmației	True
d324	Thomas R. Gold	Whitesboro	True
d325	Nora Holt	Los Angeles	True
d326	Thomas Comber	East Newton	True
d327	Peter Whalley	Ostend	True
d329	John Almond	Fortifications of Kingston upon Hull	True
d330	Marko Došen	Zagreb	True
d332	Wilds P. Richardson	Walter Reed Army Medical Center	True
d334	Jan Van Cleef	Ghent	True
d335	Donald Brian	Great Neck	True
d337	K. Ross Toole	Missoula	True
d338	Pauline Mills McGibbon	Toronto	True
d339	Alexander William Doniphan	Richmond	True
d340	Martin Stenersen	Riverside County, California	True
d341	Thomas J. Cason	Washington, D.C.	True
d342	Johann Funk	Altona	True
d343	Thomas Osborne, 1st Duke of Leeds	Easton Neston	True
d345	Edwina Eustis Dick	Southbury	True
d346	Maggie Hemingway	London	True
d347	Mohamad Jawad Chirri	Dearborn	True
d348	Melvin Sparks	Mount Vernon	True
d349	Władysław Żeleński	Paris	True
d350	Françoise Claustre	Montauriol	True
d351	Charles Gary Allison	Los Angeles	True
d352	Sibyl Sanderson	Paris	True
d354	Jacob Lateiner	New York	True
d355	Samuel Lane	Ipswich	True
d357	John Lee Smith	Lubbock	True
d358	Abdullah Yaqta	United States	True
d360	Peter Norman Nissen	London	True
d361	Joseph Philbrick Webster	Elkhorn	True
d362	David W. Dyer	Miami	True
d363	Thomas Grubb McCullough	Chambersburg	True
d365	James L. Collins	Corsicana	True
d366	Raymond Hyatt	Ballarat	True
d367	Friedrich Maassen	Innsbruck	True
d369	John Le Gay Brereton	Tamworth	True
d371	Thomas Price	Mount Lofty	True
d372	Lucy Faithfull, Baroness Faithfull	London	True
d374	Andrew Jackson Poe	Beaver County, Pennsylvania	True
d376	Joseph Ashby	Oxfordshire	True
d377	Kurt Baier	Dunedin	True
d378	Gene Osborn	Kansas City, Missouri	True
d380	Lonnie Pitchford	Lexington	True
d382	Jesse Slocumb	Washington, D.C.	True
d383	William Hicks Jackson	Belle Meade	True
d385	Stephen Buhrer	Cleveland	True
d389	Hon Chew Hee	Oahu	True
d391	William Beresford Inglis	Keighley	True
d392	Glendon Swarthout	Scottsdale, Arizona	True
d394	Arne Brun Lie	Beverly	True
d396	Richard le Scrope, 1st Baron Scrope of Bolton	Pishiobury	True
d397	Mark Hopkins	Williamstown	True
d398	Karol Podczaszyński	Vilnius	True
d399	Edgar Stead	Ilam, New Zealand	True
d401	Sarah Morgan Bryan Piatt	Caldwell	True
d403	William Russell Birch	Philadelphia	True
d404	James O'H. Patterson	South Carolina	True
d406	Samuel Anderson	Chester	True
d407	Sam Cosstick	Maitland	True
d411	Thomas McKay	Dunfermline	True
d412	Louise Homer	Winter Park	True
d413	Stoyan Zaimov	Pleven	True
d414	Mary Fisher	Charleston	True
d415	James Augustus Stewart	Cambridge	True
d416	Laurence Curtis	Boston	True
d417	Reese Bowen Brabson	Chattanooga	True
d418	Mary D. Crisp	Phoenix	True
d419	Henry Eeles Dresser	Monte Carlo	True
d420	Mattie Stepanek	Children's National Medical Center	True
d421	John Forster	Bamburgh Castle	True
d427	Cetshwayo kaMpande	Eshowe	True
d429	William Ward Duffield	Washington, D.C.	True
d431	Carl Leavitt Hubbs	La Jolla	True
d432	Ernie Renzel	San Jose, California	True
d433	Arthur Thomas Doodson	Birkenhead	True
d434	Faimalaga Luka	Fiji	True
d435	Sean A. Moore	Denver	True
d436	Gulsher Ahmad	Satna	True
d437	Daniel Ermentrout	Reading	True
d438	Edward Atkyns Bray	Tavistock	True
d439	Griffin Seward	National Home for Disabled Volunteer Soldiers	True
d440	Sir Charles Hussey, 1st Baronet	London	True
d443	Moisei Beregovsky	Kiev	True
d444	Neil Campbell	Spokane, Washington	True
d445	George H. Sutton	Toledo, Ohio	True
d446	Andrew Imbrie	Berkeley	True
d447	George Briggs	Saratoga Springs	True
d448	John Taylor Coleridge	Ottery St Mary	True
d450	Billa Flint	Ottawa	True
d451	William Robinson Pattangall	Augusta	True
d452	Luis de Lossada	Salamanca	True
d454	Aaron Gelman	Israel	True
d456	H. V. Porter	St. Petersburg	True
d457	Katharine Furse	London	True
d458	Arthur R. Richardson	South Bar	True
d459	Richard Long, 3rd Viscount Long	Bath	True
d460	John W. Slayton	Pittsburgh	True
d461	Richard Green	Manhattan	True
d462	Pyotr Andreyevich Tolstoy	Solovetsky Monastery	True
d463	Marcel Alessandri	Paris	True
d464	William Wellington Gqoba	Lovedale	True
d465	William Payne	London	True
d466	Dawson Burns	Battersea	True
d467	Murray Thurston Titus	Elyria	True
d468	Charles Billinghurst	Juneau	True
d469	Benjamin Tammuz	Tel Aviv	True
d470	Hugh Reinagle	New Orleans	True
d471	John Shepreve	Amersham	True
d472	Anthony George	California	True
d473	Konstantin Halafoff	Ferntree Gully	True
d474	Franklin Lewis Dershem	Lewisburg	True
d475	Carlo Verri	Verona	True
d476	John Saxton Campbell	England	True
d477	William Earl Rowe	Bradford West Gwillimbury	True
d479	Rob Erdle	Denton	True
d480	Anastas Jovanović	Belgrade	True
d481	Elizabeth Gunn	Wellington	True
d482	David E. Mark	Montana	True
d484	Benjamin Woodbridge	Berkshire	True
d485	Aglaja Orgeni	Vienna	True
d486	Edward Burrough	Newgate Prison	True
d489	William Ramsey	Carlisle	True
d490	Matthew Josephson	Santa Cruz County, California	True
d491	Marge	Elyria	True
d492	John Ritchie	Annapolis Royal	True
d493	Robert A. Richardson	Marion	True
d494	John Paul Nazarius	Bologna	True
d495	Henry Earle Vaughan	Pinehurst Resort	True
d496	Uriel Crocker	Cohasset	True
d497	Robert Morris Doyle	Miami	True
d498	Antoni Piotrowski	Warsaw	True
d499	József Angster	Pécs	True
d501	Carl Henry Keller	Osceola County, Florida	True
d502	Ed LaDou	Santa Monica	True
d506	Owen Owen	North Wales	True
d507	Anna Bethell	Bournemouth	True
d508	Harry Calvert	Middle Claydon	True
d509	Joseph Foster	St John's Wood	True
d510	Jason Winters	Las Vegas Valley	True
d511	Charles Constantin	Pau	True
d512	Jacob Wrey Mould	New York City	True
d513	Paul F. Clark	San Jose, California	True
d514	W. Arthur Winstead	Philadelphia	True
d516	Caspar Herman Hausmann	Oslo	True
d517	John Flavel	Exeter	True
d518	Charles F. Newcombe	Victoria	True
d519	Rowland Brotherhood	Bristol	True
d521	Charles Bunstein Stover	University Settlement Society of New York	True
d523	Morris McDonald	Portland	True
d524	Robert Dunne	Brisbane	True
d526	James O'Brien	New York City	True
d527	Nancy Roos	Los Angeles	True
d528	Henrietta Maria Bowdler	Bath	True
d529	Byron Kenneth Armstrong	Los Angeles	True
d530	Jeannette Vermeersch	Callian	True
d531	Paul Philippe Cret	Philadelphia	True
d532	Arthur Clarey	Fitzroy	True
d533	Charles Johnston	Poughkeepsie	True
d535	Elisha Netanyahu	Jerusalem	True
d536	José Vicente Grecco	Medellín	True
d537	William Bernard Ullathorne	St Mary's College, Oscott	True
d538	Okumura Masanobu	Japan	True
d541	Giovanni Battista Primi	Genoa	True
d542	Samuel Dugard	Forton, Staffordshire	True
d543	Coenwulf of Mercia	Holywell	True
d544	Philip Joseph Hartog	London	True
d545	H. Garland Dupré	Washington, D.C.	True
d546	Bernardo López Piquer	Madrid	True
d547	Orville Harrold	Norwalk, Connecticut	True
d548	Lu Diping	Nanjing	True
d549	Will Robinson	Detroit	True
d550	Richard Norton Wilkinson	Cornwall	True
d551	Daniel Foley	Blackrock, Dublin	True
d552	Jim Chapin	Florida	True
d553	William Watkiss Lloyd	London	True
d554	Peter Elmsley	Brighton	True
d555	Josef Moriggl	Innsbruck	True
d556	Judith Jasmin	Montreal	True
d560	Roque Funes	Buenos Aires	True
d563	Patrick Buckley	Lower Hutt	True
d564	Ralph Young	Palm Springs	True
d565	Emil Schreiner	Oslo	True
d566	Pedro Knight	Los Angeles	True
d568	Francisco Ada	Garapan	True
d569	Gustav Eduard von Hindersin	Berlin	True
d570	John Gillies	Edinburgh	True
d573	John Beaird	Los Angeles	True
d574	Eleanor Wilson McAdoo	Montecito	True
d575	Henry Joel Scudder	New York City	True
d576	Ezra Dee Alexander	Indianapolis	True
d577	John Craigie	Quebec City	True
d578	Pauline Joran	London	True
d579	Pryor Lea	Goliad	True
d580	Michel Clouet	Quebec City	True
d581	George Grantham Bain	Manhattan	True
d582	Yelizaveta Lavrovskaya	Saint Petersburg	True
d583	Henry George Bohn	Twickenham	True
d584	Giovanni Pontano	Naples	True
d585	William Fitzjames Oldham	Glendale	True
d586	John Black	St Andrews	True
d588	Steve Peterson	Concord	True
d590	Giuseppe Agnelli	Rome	True
d591	Julia O'Connor	Boston	True
d592	Robert Cryan	Dublin	True
d593	Walt Hansgen	France	True
d594	John Comerford	Dublin	True
d595	Renatus Harris	Salisbury	True
d596	Henry Hezekiah Cogswell	Halifax	True
d597	Mary Maytham Kidd	Cape Town	True
d598	Murilo Mendes	Lisbon	True
d599	Vojislav Nikčević	Belgrade	True
d603	Juan de Garay	Río de la Plata	True
d605	Rose Hartwick Thorpe	San Diego	True
d606	Frank Kearton, Baron Kearton	Buckinghamshire	True
d607	Henry Ashworth	Minorca	True
d608	Giovanni Maria Gabrielli	Villa Farnese	True
d609	Sherman Otis Houghton	Compton	True
d611	George Alexander Anstey	England	True
d612	Alfred Duvaucel	Chennai	True
d614	Peter Hersleb Harboe Castberg	Copenhagen	True
d615	Godfrey Douglas Giles	Edinburgh	True
d616	Esperanza Pérez Labrador	Madrid	True
d617	Chen Qihan	Beijing	True
d618	David Erskine Baker	Edinburgh	True
d619	Anna Sophia Polak	Auschwitz concentration camp	True
d620	Sarah Norcliffe Cleghorn	Philadelphia	True
d621	Julian Hartridge	Washington, D.C.	True
d622	Raffaele Venusti	Venice	True
d624	Hawes Craven	London	True
d625	Joseph H. Defrees	Goshen	True
d626	Carl Oglesby	Montclair, New Jersey	True
d627	James Creese	Colorado Springs	True
d628	Cesare Siepi	Atlanta	True
d629	Thomas Frederick Richards	Birstall	True
d631	Lady Frances Brudenell	Dublin	True
d632	Shimon Sidon	Trnava	True
d633	Harry Mabry	Anniston	True
d634	Richard Ray	Macon	True
d635	Ferdinando Martini	Monsummano Terme	True
d636	Raimondo Guarini	Naples	True
d637	Haji Shariatullah	Dhaka Division	True
d638	Victor Quiñones	San Juan	True
d639	Ira Aten	Burlingame, California	True
d640	Clement Dorsey	Leonardtown	True
d641	Paul Crump	Chester	True
d644	Stanisław Kozierowski	Winna Góra, Greater Poland Voivodeship	True
d645	Marsden Hartley	Ellsworth	True
d646	Johann Marbach	Strasbourg	True
d647	William Herskovic	Encino	True
d649	Philip Fothergill	Dewsbury	True
d650	Catharine Parr Traill	Lakefield	True
d651	Thomas B. Curtis	Allegan County, Michigan	True
d652	John Lloyd Dorsey Jr.	Henderson	True
d653	Benjamin Paul Akers	Philadelphia	True
d654	Arnold Picker	Boston	True
d655	Joseph Barker	Omaha	True
d656	Douglas Garth	Headington	True
d657	Bemus Pierce	New York City	True
d659	Bert Lee	Llandudno	True
d660	Bill Gunn	Nyack	True
d661	John Drinker	Berkeley County, West Virginia	True
d663	Thomas Tyrwhitt	London	True
d664	Elizabeth Twining	Twickenham	True
d665	Philipp von Stosch	Florence	True
d666	Nathan P. Morton	Frisco, Texas	True
d667	William Young Craig	Wrexham	True
d668	Thérèse Couderc	Lyon	True
d669	Carlo Cesio	Rieti	True
d670	Johannes Andreas August Grabau	Buffalo	True
d671	Ferdinand Brossart	Melbourne	True
d672	Hans Christoph Friedrich Graf von Hacke	Berlin	True
d676	Jerry Livingston	Beverly Hills	True
d677	Gordon Spivack	New Haven	True
d678	Harold L. Goodwin	Bethesda	True
d683	Charles Rivers Wilson	London	True
d684	Patricia Robinson	Ellerslie Park	True
d685	Louis Nels	Neuerburg	True
d687	Thomas Naum James	Birmingham	True
d688	John T. Raymond	Evansville	True
d690	Edwin S. Lowe	Manhattan	True
d691	Alexander Guchkov	Paris	True
d692	William McAdoo	New York City	True
d693	Valentine Hollingsworth	Delaware	True
d694	Richard Perrinchief	Westminster	True
d695	Hristofor Žefarović	Epiphany Monastery	True
d696	Joseph L. Townsend	Payson	True
d698	William Allen	Greenville	True
d699	Laurence Stallings	Pacific Palisades, Los Angeles	True
d701	William Hutchinson Norris	Santa Bárbara d'Oeste	True
d702	Howard Thurman	San Francisco	True
d703	John McQueen	Society Hill	True
d706	Ellen Cheney Johnson	London	True
d707	François de Noailles	Bayonne	True
d708	Frans de Momper	Antwerp	True
d709	John B. Yates	Chittenango	True
d710	Milton Meltzer	New York City	True
d711	Hume Horan	Inova Fairfax Hospital	True
d712	John M. C. Smith	Charlotte	True
d713	F. C. Burnand	Ramsgate	True
d716	Horace Griggs Prall	Trenton, New Jersey	True
d718	Matt Nagle	Stoughton	True
d719	Peter J. Brennan	Massapequa	True
d720	Fritz Prager	Braunschweig	True
d722	Diedrich Willers Jr.	Varick	True
d723	Henry C. Snodgrass	Altus	True
d724	James H. Dakin	St. Gabriel	True
d726	Alvan Fisher	Dedham	True
d727	Ueda Akinari	Kyoto	True
d728	John Siveright	Edinburgh	True
d729	Luis Alberto del Paraná	London	True
d730	Stigand	Winchester	True
d731	Władysław of Cieszyn	Pisa	True
d732	Nguyễn Văn Tường	Pacific Ocean	True
d733	Charlotte von Rothschild	Gunnersbury Park	True
d734	Erik Vullum	Lillehammer	True
d736	Peter Joseph Wagner	Fort Plain	True
d737	G. H. Gibson	Lindfield	True
d738	Drake Levin	San Francisco	True
d739	Francia White	Los Angeles County, California	True
d740	Barney F. Hajiro	Waipahu	True
d741	Arthur Turcotte	Montreal	True
d742	Samuel Sewall	Wiscasset	True
d743	Sasha Krasny	Moscow	True
d745	Kenneth Sandford	Market Drayton	True
d746	Sheila van Damm	London	True
d747	Pete Sanstol	Whittier	True
d749	Philip Rounsevile Alger	Annapolis	True
d750	Ida G. Athens	Cincinnati	True
d751	Roger de Piles	Paris	True
d753	Thomas Scheen Falck	Bergen	True
d754	John Sinclair	Kangaroo Point	True
d755	Bernard Smith	Little Rock, Arkansas	True
d756	Henry Miers Elliot	Simon's Town	True
d757	Archibald E. Stevenson	New Canaan	True
d759	John Whitehead	Hainan	True
d760	Paul Henri Mallet	Geneva	True
d761	Thomas Buttersworth	London	True
d762	Vittorio Torre	Turin	True
d763	Swarupananda	Nainital	True
d764	Giovanni Vincenzo Gravina	Rome	True
d765	Henry Sampson	London	True
d766	Emlen Etting	Philadelphia	True
d767	John Simpson	Ottawa	True
d768	Samuel Foley	Lisburn	True
d769	Giovanni Alberti	Rome	True
d770	Jerome Caminada	Moss Side	True
d771	Pedro Blanco	Genoa	True
d772	Frederick Rentschler	Boca Raton	True
d774	Milner Gray	Hertfordshire	True
d775	Isaac Coles	Chatham	True
d776	John McDuffie	Mobile County, Alabama	True
d777	Johann Friedrich Dietler	Canton of Bern	True
d779	Orestes Brownson	Detroit	True
d780	Henry John Orchard	Santa Monica	True
d781	Nancy LaMott	New York City	True
d782	Edward Forster, the Elder	Hoe Street	True
d783	Scott Vincent	Bronxville	True
d784	John Darwall	Walsall	True
d785	Michael Daley	Bangor	True
d788	Grace Noll Crowell	Dallas	True
d790	Robert Jack	Dunedin	True
d791	Fielding Hudson Garrison	Washington, D.C.	True
d792	Sir Anthony de Rothschild, 1st Baronet	Woolston	True
d794	Hershy Kay	Danbury	True
d796	Eliezer Waldenberg	Jerusalem	True
d797	David Higgins	Charlottetown	True
d798	Sergey Degayev	New Zealand	True
d799	Simhah Pinsker	Odessa	True
d800	John Joseph Cotman	Norwich	True
d801	Egon Petri	Berkeley	True
d802	Stephen Mopope	Fort Cobb	True
d803	Gertrude Friedberg	Manhattan	True
d804	María Bibiana Benítez	San Juan	True
d808	John J. Allen	Montreal	True
d809	Alice Brown Davis	Wewoka	True
d810	Charles Jane Ashley	Margate	True
d811	Hermann Collitz	Baltimore	True
d812	Nikolay Afanasevsky	Warsaw	True
d814	Johan Gustaf Sandberg	Stockholm	True
d815	Aleksy Ćwiakowski	London	True
d817	Henry Savile	Paris	True
d819	Edwin Duing Eshleman	Lancaster	True
d820	Thomas Claw	Prescott	True
d821	Wilbur Ravel Kimball	Mount Sinai St. Luke's and Mount Sinai Roosevelt	True
d822	Thomas Baines	Toronto	True
d823	Raymond Workman	MedStar Georgetown University Hospital	True
d824	George F. Pearson	Portsmouth	True
d825	Sidney C. Roach	Kansas City metropolitan area	True
d827	Cyprian Thomas Rust	Soham	True
d828	Soledad Bengoecha de Cármena	Madrid	True
d829	Dick Calkins	Tucson	True
d831	Jean Bertaut	Sées	True
d832	E. B. Grandin	Palmyra	True
d834	William Lowrie	Echunga	True
d835	Billy Brown	Johnstown, County Kildare	True
d836	Paulus Moritz	Mount Poinsur	True
d837	Olof Arenius	Stockholm	True
d838	Joseph Leon Blau	Riverdale	True
d841	Edward Colborne Baber	Irrawaddy Delta	True
d842	Michael VerMeulen	Islington	True
d843	Joseph Bailly	Porter County, Indiana	True
d845	Ada Adini	Dieppe, Seine-Maritime	True
d846	Rosetta Reitz	Manhattan	True
d847	O'Brien Smith	South Carolina	True
d848	Domenico Passignano	Florence	True
d849	Edward Stack	Calais	True
d851	Tommy Muñiz	Hato Rey, Puerto Rico	True
d852	Pappy Daily	Houston	True
d853	Vinnette Justine Carroll	Lauderhill	True
d854	Nikolai Shin	Tashkent	True
d855	Claude Aveline	Paris	True
d857	George Barfoot	Winchester	True
d858	Said Achtouk	Rabat	True
d860	Andrew Moray	Tower of London	True
d862	John Robert Blayney Owen	Essex	True
d863	Duncan Cameron	Williamstown	True
d864	Joseph M. Warren	Troy	True
d865	Jenő Rejtő	Soviet Union	True
d867	William Henry Hurlbert	Italy	True
d868	Vespasiano I Gonzaga	Sabbioneta	True
d869	Cándido Bolívar Pieltain	Mexico	True
d870	John De Cesare	New York City	True
d871	Leslie Welch	Ruislip	True
d872	Katherine FitzGerald, Viscountess Grandison	London	True
d873	Thomas Beach	Dorchester, Dorset	True
d875	Brita Sophia De la Gardie	Paris	True
d876	Sophie Maslow	Manhattan	True
d877	Thomas Bock	Hobart	True
d878	Edward Ward, 4th Viscount Bangor	Brighton	True
d879	Joe E. Lawther	Dallas	True
d880	Fon Huffman	Sierra Vista	True
d881	LeGrand Lockwood	New York City	True
d883	Alfred Gray	Bilbao	True
d884	Antoine de Févin	Blois	True
d886	Cesare Vecellio	Venice	True
d887	Nissan Nativ	Tel Aviv	True
d889	Antonio Maria Viani	Mantua	True
d890	Gordon J. Russell	Kerrville	True
d892	G. H. Pember	Budleigh Salterton	True
d893	Henri Perrot	Monte Carlo	True
d894	John G. Sargent	Ludlow	True
d895	Lewis Vulliamy	Clapham Common	True
d896	Morton Harvey	Los Gatos	True
d899	Piri Thomas	El Cerrito	True
d900	Aylward M. Blackman	Abergele	True
d901	Carlo Emanuele Madruzzo	Trento	True
d902	Harry Mills	Vancouver	True
d903	Degory Wheare	Oxford	True
d906	David Mitchel	Aberdeen	True
d907	Jacob B. Grumet	Manhattan	True
d908	William George Pye	Bexhill	True
d909	George Hastings	Mount Morris	True
d910	Charles C. B. Walker	Corning	True
d912	Harry Grant	Sheepshead Bay	True
d913	Ephraim Oshry	New York	True
d914	Vivian Bullwinkel	Perth	True
d915	Max Bentley	Saskatoon	True
d916	John Thomas	Taunton	True
d917	Arphaxed Loomis	Little Falls	True
d918	Lou Bender	Longboat Key	True
d919	Richard Blain	Brampton	True
d920	Pratap Singh of Idar	Jodhpur	True
d921	Giuseppe Orioli	Lisbon	True
d922	Francis Paddock	Salem	True
d923	Alvin Bush	Williamsport	True
d925	John Noorthouck	Oundle	True
d926	Agostino Fregoso	Mercato San Severino	True
d927	James Graham	Rutherfordton	True
d928	Anders Askevold	Düsseldorf	True
d929	Nicholas Malby	Athlone	True
d930	G. C. Brewer	Searcy	True
d931	Emily Vermeule	Cambridge, Massachusetts	True
d932	Jefferson P. Kidder	Saint Paul	True
d933	Richard John Russell	Cheshunt	True
d934	Isaac G. Burnet	Walnut Hills	True
d935	J. Willard Ragsdale	Washington, D.C.	True
d936	Douglas Dollarhide	San Fernando Valley	True
d938	Wilhelm Elsner	Prague	True
d939	William Thompson	London	True
d940	Dudley Maurice Newitt	Farnham	True
d941	Abel Servien	Château de Meudon	True
d942	Joseph K. Bratton	Virginia	True
d943	John Gilbert	Twickenham	True
d946	Gaspard Terrasson	Paris	True
d947	Harry Southall	Pensnett	True
d948	Carl Johannes Thomae	Jena	True
d950	Dee Caperton	France	True
d951	Barry Littlefield	New Jersey	True
d952	Gerry Crutchley	St John's Wood	True
d953	Robert Durie	Leiden	True
d954	Aaron Director	Los Altos Hills	True
d955	James Tilghman	Chestertown	True
d956	Amory Dwight Mayo	Washington, D.C.	True
d957	Thomas Winwood	Bromyard	True
d959	Karl Ohs	Helena	True
d961	Thomas H. Herndon	Mobile, Alabama in the American Civil War	True
d962	Richard de Prebenda	Cramond	True
d963	Thomas Gardner Horridge	Hove	True
d964	M. Athalie Range	Miami	True
d965	John Roland Abbey	London	True
d968	Juan Pérez de Montalbán	Madrid	True
d969	Lewis Sperry	East Windsor Hill Historic District	True
d970	Francis Gano Benedict	Machiasport	True
d971	Colin Phipps	Birmingham	True
d972	James Hadow	St Andrews	True
d973	Elon Galusha	Lockport , New York	True
d974	Moritz Landé	Berlin	True
d976	Elijah Embree Hoss	Muskogee	True
d977	Robert Orr, Jr.	Kittanning	True
d979	Edward W. Creal	Hodgenville	True
d980	Carmine Romano	New Bedford, Massachusetts	True
d981	John Taylor	Franklin County, Kentucky	True
d983	Daniel Myers Van Auken	Milford	True
d985	Jack Sahakian	West Los Angeles	True
d987	Bertha Schwarz	Salzburg	True
d988	Julia Claussen	Stockholm	True
d989	Peter Pond	Milford	True
d990	William Hoste Webb	Sherbrooke	True
d991	Jan Hulsker	Vancouver	True
d992	Marie Brema	Manchester	True
d994	John Fitzgerald Clarke	Port Arthur, Ontario	True
d996	Anna Eliza Bray	London	True
d997	Richard Vaux	Philadelphia	True
d998	Ahmad II of Tunis	La Marsa	True
d999	Hélène Baillargeon	Montreal	True
d1001	Ernestine Hill	Brisbane	True
d1004	William B. Ebbert	Cortez	True
d1005	Hyacinthe Sigismond Gerdil	Rome	True
d1006	Robert Hazard	Boston	True
d1007	Sir Charles Mills, 1st Baronet	Hillingdon Court	True
d1008	John Bowen	Ilfracombe	True
d1009	John M. Van Osdel	Chicago	True
d1010	Thomas J. Cahill	Lake County, California	True
d1011	Franz Büchner	Freiburg im Breisgau	True
d1012	Andreas Creusen	Brussels	True
d1013	Luis Concha Córdoba	Bogotá	True
d1014	David Morrison Armstrong	Sorel	True
d1016	Richard Müller	Berlin	True
d1017	John Rankin Gamble	Yankton	True
d1018	Alma Taylor	London	True
d1019	Amos E. Wood	Fort Wayne, Indiana	True
d1020	Giovanni Maria Angioy	France	True
d1022	Maria de' Medici	Livorno	True
d1023	LeJuan Simon	Baton Rouge, Louisiana	True
d1025	Nader Shah	Khorasan Province	True
d1026	George S.E. Vaughn	Maryville	True
d1027	Sancho d'Avila	Lisbon	True
d1028	Paul Everac	Bucharest	True
d1029	Juraj Njavro	Zagreb	True
d1030	Sebastian Newdigate	Tyburn	True
d1033	David B. Mellish	Washington, D.C.	True
d1034	Mary de Bohun	Peterborough Castle	True
d1036	Clement Meadmore	Manhattan	True
d1037	Judson King	Washington, D.C.	True
d1038	Ali Shayegan	Pascack Valley Hospital	True
d1041	Sylvan Mattingly	Louisville	True
d1042	William Wotton	Buxted	True
d1043	Nils Astrup	Oslo	True
d1044	Henry William Crosskey	Edgbaston	True
d1045	Nano Reid	Drogheda	True
d1047	Ruth H. Funk	Salt Lake City	True
d1048	James Tod	Quebec City	True
d1050	Elkanah Settle	London Charterhouse	True
d1051	Smilin' Jack Smith	Westlake Village	True
d1055	Henry Alexander Ogden	Englewood	True
d1056	Cyrus S. Ching	Washington, D.C.	True
d1057	Eve Adler	Russia	True
d1059	Percy Harris	Kensington	True
d1060	Richard Gurney	Bonn	True
d1061	Philip Bury Duncan	Bath	True
d1063	Heinrich Ludwig Hermann Krekeler	Bad Salzuflen	True
d1064	Kazimiera Zawistowska	Kraków	True
d1065	Amos Ellmaker	Lancaster County, Pennsylvania	True
d1066	Fathi Eljahmi	Amman	True
d1067	Owen Forrester Browne	New Westminster	True
d1068	Frederick Joseph Laverack	Upper Norwood	True
d1069	John Bouverie	Aydın	True
d1070	Matthew Henry	Queen's Aid House	True
d1072	Liang Shiyi	Shanghai	True
d1073	Augustine B. Kelley	Bethesda	True
d1075	Edward Crankshaw	Hawkhurst	True
d1076	Joseph Warren Scott	New Brunswick	True
d1077	Herman Frank Cash	Pinson	True
d1078	Malcolm Muir	Manhattan	True
d1079	P. Henry Dugro	New York	True
d1080	Henry G. Butler	Lamaline	True
d1081	Kurken Alemshah	Detroit	True
d1082	Frank Lawler	Chicago	True
d1083	Frazier Boutelle	Seattle	True
d1084	Frank D. O'Connor	Booth Memorial Hospital Cleveland	True
d1085	Patsy Montana	San Jacinto	True
d1086	Thomas Barlow	Buckden Towers	True
d1087	William C. Ocker	Walter Reed Army Medical Center	True
d1088	Johann Stephan Decker	Vienna	True
d1089	John G. Alexander	Minneapolis	True
d1090	Eugene Aynsley Goossens	Hillingdon Hospital	True
d1091	Tom Skinner	Auckland	True
d1092	Constance Jeans	Falmouth, Cornwall	True
d1093	Alfred Lafone	London Air Park	True
d1094	Thomas Culbreth	Greensboro	True
d1095	Robert van Audenaerde	Ghent	True
d1097	Moshe Lewin	Paris	True
d1098	Jonas Phillips	Philadelphia	True
d1099	Jacques Ignatius de Roore	Antwerp	True
d1100	Henry Keene	Drayton Green railway station	True
d1101	Chuck Perry	Rockwall County, Texas	True
d1102	F. Albert Cotton	College Station	True
d1103	Edward Cross	Kennington	True
d1104	Christopher Thomas	Martinsville, Virginia	True
d1105	Thomas Fortescue, 1st Baron Clermont	Ravensdale Park	True
d1106	William Jasper Kerr	Portland	True
d1107	Edward Hay	Dublin	True
d1108	Miguel de Olivares	Imola	True
d1109	Donato Lovreglio	Naples	True
d1110	Pierse Long	Portsmouth	True
d1111	John W. Norton	Charleston	True
d1112	Robert Richard Randall	New York City	True
d1114	Harold S. Sawyer	Algoma Township	True
d1117	Panayot Hitov	Ruse	True
d1118	Paul Weyrich	Fairfax	True
d1119	Robert Goelet	Naples	True
d1120	Koos Vorrink	Amsterdam	True
d1121	Nicolaes de Bruyn	Amsterdam	True
d1125	William Patrick Manning	Rose Bay	True
d1126	Charles E. Silberman	Sarasota, Florida	True
d1128	Boris Ord	Cambridge	True
d1129	Arthur Scott King	Pasadena	True
d1130	Athanase Laurent Charles Coquerel	Paris	True
d1131	Sebastiano Festa	Rome	True
d1132	Frank Douglas MacKinnon	Charing Cross Hospital	True
d1135	Thomas Kingsmill Abbott	Killiney	True
d1137	Gösta Krantz	Stockholm	True
d1139	Charles Macfaull	Perth	True
d1140	Cheng Yanqiu	Beijing	True
d1141	Gloria Shayne Baker	Stamford	True
d1142	Park Benjamin Jr.	Stamford	True
d1145	Lockier Burges	Perth	True
d1146	David West	Glasgow	True
d1148	Robert Merrill	New Rochelle	True
d1151	Adriaan Reland	Utrecht	True
d1152	Sir William Jenner, 1st Baronet	Bishop's Waltham	True
d1153	Nat Langham	London	True
d1154	Leah Rosenfeld	Mariposa County	True
d1155	Amos L. Allen	Washington, D.C.	True
d1156	James Reynolds	Castle Camps	True
d1157	Pedro Bloch	Copacabana, Rio de Janeiro	True
d1159	Paul Thomson	Fallbrook	True
d1160	Robert Hyde Greg	Norcliffe Hall	True
d1161	Marie Norton Harriman	Washington, D.C.	True
d1162	John Bowdler	Eltham	True
d1163	Aldo Carpi	Milan	True
d1164	Orison S. Marden	New York Hospital	True
d1165	Nathaniel Folsom	Exeter	True
d1167	Ernest Lamb, 1st Baron Rochester	Croydon	True
d1171	Guram Sharadze	Tbilisi	True
d1172	Odofredus	Bologna	True
d1173	Leonard Sillman	New York City	True
d1174	Alfred von Henikstein	Vienna	True
d1175	Suresh Babu	Ranchi	True
d1176	Norah Borges	Buenos Aires	True
d1177	Thomas Pope	Clerkenwell	True
d1178	George Cochrane Hazelton	Chester	True
d1179	Saul Weprin	Long Island Jewish Medical Center	True
d1180	Gauhar Jaan	Mysore	True
d1181	Honoré Tournély	Paris	True
d1182	E. R. Squibb	Brooklyn	True
d1184	W. W. Phelps	Salt Lake City	True
d1185	Fran Ross	New York City	True
d1186	Robert Williams Buchanan	Streatham	True
d1187	Frederik Schmidt	Himmelev	True
d1188	Roger Johnson	Laguna Beach	True
d1189	Oswald Eve	Nassau, Bahamas	True
d1190	Bhajan Lal	Hisar	True
d1191	Lex Hixon	Riverdale	True
d1192	Penny Banner	Charlotte, North Carolina	True
d1193	Jay Morago	Phoenix	True
d1194	Robert G. Neumann	Bethesda	True
d1195	Charles William Carpenter	Ann Arbor	True
d1197	Alexander Zeitlin	White Plains	True
d1198	Edwin Lester	Beverly Hills	True
d1199	Eliza Newton	New York City	True
d1200	William "Rip" Robertson	Laos	True
d1202	Thomas Frank Marshall	Detroit Township	True
d1204	Joie Ray	Berrien Springs	True
d1205	Shirley Russell	Honolulu	True
d1207	Sir Edward Barkham, 1st Baronet, of South Acre	Tottenham	True
d1208	Miriam Soljak	Auckland	True
d1209	Bolesław Kominek	Wrocław	True
d1210	Era Bell Thompson	Chicago	True
d1211	Thomas Roberts Ferguson	Cookstown	True
d1212	Fu Zhongwen	Shanghai	True
d1214	James I. Roosevelt	New York City	True
d1215	Charles Douglas Fox	Kensington	True
d1216	Edmund Staunton	Bovingdon	True
d1217	Jesús María Sanromá	San Juan	True
d1219	Francis Alexander	Florence	True
d1220	Henry Cole	Islington	True
d1221	William Goring	Carshalton	True
d1222	David Apter	North Haven	True
d1223	Henri Gascar	Rome	True
d1224	Carlo Emery	Bologna	True
d1225	José Francisco Peña Gómez	Cambita Garabitos	True
d1228	André Chamson	Paris	True
d1231	Thomas Butterworth Bayley	Buxton	True
d1232	George H. Pepper	New York	True
d1233	Hans Erik Staby	Windhoek	True
d1234	Brian MacMahon	Boston	True
d1235	Arthur Severn	Stainforth	True
d1236	Donald Forster	St. Michael's Hospital	True
d1238	John Oliver Hobbes	London	True
d1239	Henry Wood	Bath	True
d1240	Carroll Vincent Newsom	Dublin	True
d1242	Basil Thompson	Lynchburg	True
d1244	John Runciman	Naples	True
d1245	Walter Borg	Saint Petersburg	True
d1246	Fred Sisson	Washington, D.C.	True
d1247	William T. Cobb	Rockland	True
d1248	Charles Thomas Newton	Margate	True
d1249	Ethel Glenn Hier	Winter Park	True
d1250	Mira Ashby	Toronto	True
d1251	Marian Porwit	Warsaw	True
d1252	Paddy O'Hanlon	Dublin	True
d1253	William Vondenvelden	Quebec City	True
d1254	William Doughty	Lisbon	True
d1255	George Waddington	Durham, England	True
d1256	Evaline Ness	Kingston	True
d1257	Tracy Hall	Provo, Utah	True
d1259	Fred Rich	California	True
d1260	James Hurst	Warragul	True
d1261	John Wesley Hughes	Wilmore	True
d1264	Ralph Spotts	New York City	True
d1265	Alexander Tormasov	Moscow Governorate	True
d1266	Henry Balcom	Salmon River, Digby County	True
d1267	Herbert Dicksee	Hampstead	True
d1268	Billie S. Farnum	Lansing	True
d1269	George Bukator	Niagara Falls	True
d1270	Vito Positano	Yokohama	True
d1271	Won Alexander Cumyow	Vancouver	True
d1273	Edgar O. Murphy	Pennsylvania Hospital	True
d1275	Daniel J. Riordan	Washington, D.C.	True
d1276	Toni Stone	Alameda County, California	True
d1277	Francis Arundale	Brighton	True
d1278	Joshua Cristall	London	True
d1279	Arthur Hallam	Vienna	True
d1280	Tomás Guido	Buenos Aires	True
d1283	Frances Hodgkins	Dorchester, Dorset	True
d1285	James Edward Ruffin	Springfield	True
d1286	John Wright	Ulverstone	True
d1287	Deforrest Most	Santa Monica	True
d1288	Georgie Shaw	Philadelphia	True
d1289	Enid Charles	Torquay	True
d1290	William Benson Earle	Salisbury	True
d1291	Josepha Barbara Auernhammer	Vienna	True
d1292	Bartow Sumter Weeks	Miami	True
d1293	Samuel Crossland	Wakefield	True
d1294	Anthony Day	Santa Fe	True
d1295	Lawrence Furniss	Fallowfield	True
d1298	Thomas Watson	Barnston	True
d1299	Sylvia Robinson	Secaucus	True
d1300	Helen Sobel Smith	Detroit	True
d1301	Thomas Pengelly	Blandford Forum	True
d1303	Charles H. Adams	New York City	True
d1305	Leonard Melfi	Mount Sinai Hospital	True
d1306	Cephas Washburn	Little Rock, Arkansas	True
d1309	Emanuel Rádl	Prague	True
d1310	William H. Kelsey	Geneseo	True
d1311	Varvara Massalitinova	Moscow	True
d1312	Paul Theodor van Brussel	Amsterdam	True
d1313	Celia Franca	The Ottawa Hospital	True
d1314	William Thornton Pryce	Alexandria, Virginia	True
d1316	Grahame Clark	Cambridge	True
d1317	George Georgescu	Bucharest	True
d1318	Max Abramovitz	Pound Ridge	True
d1319	Nicholas Low	New York City	True
d1320	James Woodsworth	Winnipeg	True
d1321	Laura Zirbes	Columbus	True
d1322	Horace Dobell	Parkstone	True
d1324	Henry Farren	United States	True
d1325	George Dealey	Downtown Dallas	True
d1327	Charles Jonas	Krefeld	True
d1328	Christophe Léon Louis Juchault de Lamoricière	Prouzel	True
d1330	Arthur Johnston	Oxford	True
d1331	Robert B. Dashiell	Washington, D.C.	True
d1332	Ramón Ernesto Cruz Uclés	Tegucigalpa	True
d1333	Rodolphus Dickinson	Washington, D.C.	True
d1336	Maurice E. Kressly	Philadelphia	True
d1338	Carlton Godfrey	Atlantic City	True
d1339	John Wethered	Catonsville	True
d1340	Charles Caryl Coleman	Capri	True
d1341	John Hay	Lake District	True
d1342	John Hailstone	Trumpington	True
d1343	William Roxburgh	Edinburgh	True
d1344	Rita Gallagher	Houston	True
d1345	John W. Menzies	Falmouth	True
d1346	Robert F. Woodward	Washington, D.C.	True
d1347	James Smurthwaite	North Ormesby	True
d1348	John I Doukas of Thessaly	Constantinople	True
d1349	Émile Delahaye	French Riviera	True
d1351	Thomas Kelso	Baltimore	True
d1353	Nelly Moretto	Buenos Aires	True
d1354	Roy Crane	Orlando, Florida	True
d1355	Uys Krige	Hermanus, Western Cape	True
d1356	Gaspar DiGregorio	Smithtown	True
d1357	John Wolcott Adams	New York City	True
d1358	Lucile Swan	New York	True
d1360	L. F. P. Curry	Independence	True
d1361	Henry Fairfield Osborn Jr.	New York City	True
d1362	Murder of Arlis Perry	Stanford Memorial Church	True
d1363	Ralph Winwood	London	True
d1364	George Louis McGhee	Veterans Health Administration	True
d1366	Joyce Blair	Santa Monica	True
d1367	Adair Crawford	Lymington	True
d1369	Abdulmejid I	Constantinople	True
d1371	James Henderson Imlay	Allentown	True
d1372	Adele Marcus	Manhattan	True
d1373	Arthur Meyerhoff	Rancho Santa Fe	True
d1374	Charles Knott	Southampton	True
d1376	Edward Poynings	Westenhanger	True
d1378	Neyyattinkara Vasudevan	Thiruvananthapuram	True
d1379	William Clayton Anderson	Frankfort	True
d1380	Frank Lovell	Manhattan	True
d1381	Johnny Paycheck	Nashville, Tennessee	True
d1382	Thomas Douglas Forsyth	Eastbourne	True
d1385	Montauband	Bordeaux	True
d1386	William Bayly	Portsea	True
d1387	Frieda Hempel	Berlin	True
d1388	Morgan Morgan	Bunker Hill	True
d1389	John Simpkins	Washington, D.C.	True
d1390	Kenneth Chisholm	Brampton	True
d1392	John Dandridge	Fredericksburg	True
d1393	Anna Fitziu	Hollywood	True
d1394	Jean Origer	Mauthausen	True
d1395	Felipe Sapag	Neuquén Province	True
d1396	Barbara Zbrożyna	Warsaw	True
d1397	Jacob Hostetter	Columbiana County, Ohio	True
d1398	Charles Cahier	Paris	True
d1399	Vally Weigl	New York City	True
d1401	John Todd	Pasadena	True
d1402	Oliver Dyer	Boston	True
d1404	Marie Sundelius	Boston	True
d1405	Donn Lewin	Hawaii	True
d1407	John Sanders	Reigate	True
d1408	James Booth Lockwood	Cape Sabine	True
d1409	Lemuel P. Padgett	Washington, D.C.	True
d1410	Jurriaan Andriessen	Amsterdam	True
d1411	Aubrey Hornsby	Montgomery, Alabama	True
d1415	Frederick Clive Newcome	Coniston	True
d1416	Louise Clappe	New Jersey	True
d1418	Mickey Spillane	Queens	True
d1419	James Lockhart	Evansville	True
d1420	Alfred Nicolas Rambaud	Paris	True
d1421	Don Carlos Young	Salt Lake City	True
d1422	Henry Tozer	Rotterdam	True
d1423	Thomas Falconer	Bath	True
d1425	Edmond Henri Adolphe Schérer	Versailles	True
d1426	Herbert Escott Inman	Herne Hill	True
d1427	George Hubbard Blakeslee	Worcester	True
d1428	William Rudolf	Lunenburg County	True
d1429	Irénée Vautrin	Montreal	True
d1430	Joel Cook	Philadelphia	True
d1432	Tommy Leonetti	Houston	True
d1436	Maxwell Fry	County Durham	True
d1437	Ludwika Jędrzejewicz	Warsaw	True
d1438	André Rouveyre	Barbizon	True
d1439	John Straffen	HM Prison Frankland	True
d1441	Isabel Longworth	Newcastle	True
d1442	Hiram Shaw Wilkinson	Tobermore	True
d1443	Florentina Mallá	Prague	True
d1444	Lorenzo Strozzi	Avignon	True
d1445	Joseph Papin	L'Assomption	True
d1447	Thomas Underhill	Bergen op Zoom	True
d1448	François Blanchet	Quebec City	True
d1449	Carroll Thayer Berry	Rockport	True
d1451	Archibald Van Horne	Prince George's County, Maryland	True
d1452	Claude Harris, Jr.	Birmingham	True
d1453	Frederick Tate	Lyndhurst	True
d1454	John Christie	Glyndebourne	True
d1455	John Wilde	Hampstead	True
d1458	Bert Tayler	Devon	True
d1459	Charles H. O'Neill	Jersey City	True
d1460	Ali Sardar Jafri	Mumbai	True
d1462	Joseph Ritson	Hoxton	True
d1463	Roman Zenzinger	Vienna	True
d1465	Giovanni Battista Caccini	Rome	True
d1466	Conrad B. Duberstein	New York City	True
d1467	Harold Hayes	Los Angeles	True
d1470	Samuel Maresius	Groningen	True
d1471	Francis Tallents	Shrewsbury	True
d1472	William Henry Fancourt Mitchell	Barfold, Victoria	True
d1473	Robert Alway	Texas	True
d1474	Laurent Belissen	Marseille	True
d1476	Thomas Mayo	Corsham	True
d1477	Joseph Williamson	Cobham	True
d1478	George Peter Foster	Wheaton	True
d1479	Leroy Charles Hodapp	Indiana University Health Methodist Hospital	True
d1480	Valentine McGillycuddy	Berkeley	True
d1482	Snooky Lanson	New York City	True
d1483	Henry Vane, 2nd Earl of Darlington	Raby Castle	True
d1486	József Szabó de Szentmiklós	Budapest	True
d1487	Thomas Plater	Montgomery County	True
d1488	Cynthia Leonard	New Jersey	True
d1489	Mária Török	New York City	True
d1491	George Carter	Hendon	True
d1492	Ray C. Strang	Tucson Mountains	True
d1495	Diego de Arroyo	Madrid	True
d1497	Henry Fletcher Hance	Xiamen	True
d1499	Louis "Red" Deutsch	Pompano Beach	True
d1500	Catherine Seaton Skirving	Toronto	True
d1501	Tibor Feheregyhazi	Saskatoon	True
d1502	Thomas Jones, Baron Maelor	Ponciau	True
d1503	Robert MacBryde	Dublin	True
d1504	Samuel G. Plantz	Sturgeon Bay	True
d1505	Charles William King	London	True
d1506	Nancy Sweezy	Cambridge, Massachusetts	True
d1507	José Ignacio de Gorriti	Bolivia	True
d1508	Colin J. McRae	Belize	True
d1509	Alfred Gilpin Jones	Halifax	True
d1510	Hi Jolly	Arizona	True
d1511	Edward Francis Cavanagh Jr.	Morristown Medical Center	True
d1512	Jon Bannenberg	London	True
d1513	Collin McKinney	Collin County	True
d1514	Christian Ezdorf	Würzburg	True
d1515	Alexander Thomson	Geelong	True
d1516	Nazaire Bernatchez	Quebec City	True
d1517	Max Julius	South Brisbane	True
d1518	William Gibson	Beamsville	True
d1519	William Clark	Surbiton	True
d1521	Michael Callanan	New Westminster	True
d1522	Marina Svetlova	Bloomington	True
d1523	Rafael Pombo	Colombia	True
d1525	Jerry Damon	Newark	True
d1526	Billy Ray Hamilton	San Quentin State Prison	True
d1527	Walter Brown	Lawton	True
d1528	Ruth Frankel	Toronto	True
d1532	Gerónimo Boscana	Mission San Gabriel Arcángel	True
d1534	Sylvester Veitch	Mineola	True
d1535	John Tombs	Malta	True
d1536	Candide Rochefort	Montreal	True
d1537	John McFarlane	Marrickville	True
d1539	Friedrich Julius Rosenbach	Göttingen	True
d1540	David Otis Fuller	Grand Rapids	True
d1542	Henri Amouroux	Normandy	True
d1545	Fred Whisstock	Southend-on-Sea	True
d1546	Yakir Gueron	Jerusalem	True
d1547	Leon Pancaldo	Río de la Plata	True
d1548	Samuel J. Douglas	Tallahassee	True
d1550	Charles Kenzie Steele	Tallahassee	True
d1551	Edward Smirke	Thurloe Square	True
d1552	Noel Johnson	San Diego	True
d1553	William Hazlitt	Addlestone	True
d1554	Palemon Howard Dorsett	Washington, D.C.	True
d1558	Joel Jones	Philadelphia	True
d1560	Hubert Nichols	Ulverstone	True
d1561	Henry Clifford	Bath	True
d1563	Urien Wiliam	Penarth	True
d1565	James Young	Dallas	True
d1566	George Ratsey	New Rochelle	True
d1567	Gavin Downie	Glen Eden, New Zealand	True
d1568	Charles Q. Tirrell	Natick, Massachusetts	True
d1569	Andrew Geddes	London	True
d1571	William Reid	Hyde Park, London	True
d1573	John Forrest Dillon	New York City	True
d1574	Robert E. Kowalski	Southern California	True
d1575	Serafino Mazzolini	San Felice del Benaco	True
d1577	George Frederick Harris	Sydney	True
d1578	David Johnson	Upstate South Carolina	True
d1579	José de Jesús Esteves	New York City	True
d1582	Richard Walker	Cambridge	True
d1583	Adolph Schwarzenberg	Bordighera	True
d1584	Giustino Russolillo	Pianura	True
d1585	Alwyn Kurts	Melbourne	True
d1587	Joseph L. Pfeifer	Brooklyn	True
d1588	Frank Edwards	Greenville	True
d1589	Edmund S. Valtman	Bloomfield	True
d1590	Robert Nelson	Staten Island	True
d1591	Ibrahim Hananu	Aleppo	True
d1592	Clarke Abel	Kanpur	True
d1593	Moritz Daniel Oppenheim	Free City of Frankfurt	True
d1594	Cleve Chaffin	Huntington	True
d1595	Duncan Ban MacIntyre	Edinburgh	True
d1596	Stephen Barlow	Meadville	True
d1598	Cornelius Bayley	Manchester	True
d1599	Uvedale Tomkins Price	Bath	True
d1601	Donald Francis Tovey	Edinburgh	True
d1603	Josiah Dent	Bath	True
d1604	Abraham Gesner	Belleisle, Nova Scotia	True
d1605	William George Clark	York	True
d1606	Seymour Cocks	Hendon	True
d1607	Ann Wigmore	Boston	True
d1608	Reuben Charles Warnes	Hornchurch	True
d1611	Robert Cross Smith	London	True
d1612	Robert Dudley Edwards	St. Vincent's University Hospital	True
d1614	Louis Schneider	Potsdam	True
d1616	Joseph B. Bennett	Greenup County, Kentucky	True
d1617	George Hamilton	Hawkesbury	True
d1618	Lester B. Wikoff	Lexington	True
d1619	Konrad von Erlichshausen	Malbork Castle	True
d1620	Nevil Macready	Knightsbridge	True
d1622	Henry Campbell	London	True
d1623	Battling Nelson	Chicago	True
d1624	Lewis Downing	Tahlequah	True
d1625	Thekla Resvoll	Oslo	True
d1626	Thomas Pycroft	Folkestone	True
d1627	John Sears	Teddington	True
d1628	Lewis Findlay Watson	Washington, D.C.	True
d1629	Semra Dündar	Ankara	True
d1630	Jean Charles, Chevalier Folard	Avignon	True
d1631	Charles Taschereau Beard	Esquimalt	True
d1632	Michael E. Burke	Beaver Dam	True
d1633	Bushrod W. Lott	Saint Paul	True
d1635	James A. Black	Washington, D.C.	True
d1636	Pons de Capduelh	Holy Land	True
d1637	Abraham Nathanson	Narragansett	True
d1638	John Jacques, Baron Jacques	Portsmouth	True
d1639	Ferenc A. Váli	Massachusetts	True
d1641	Masuzo Shikata	Kyoto	True
d1642	Sonya Noskowiak	Greenbrae	True
d1643	Ida Darling	Los Angeles	True
d1644	Paul Zoungrana	Ouagadougou	True
d1645	Walter Newton Read	Cinnaminson Township	True
d1646	Herschel H. Hatch	Detroit	True
d1647	John Ontario Miller	Roman Catholic Diocese of Lavant	True
d1648	Fred Hoskins	Winthrop-University Hospital	True
d1649	William George Constable	United States	True
d1650	Albert W. Barney, Jr.	St. Johnsbury	True
d1652	Sir William Pearce, 2nd Baronet	Park Lane, London	True
d1654	Simonas Daukantas	Lithuania	True
d1655	Marmaduke Gresham	Gresham College	True
d1656	George M. Stafford	Sibley Memorial Hospital	True
d1659	Giacomo Gaetani Stefaneschi	Avignon	True
d1660	Albertus Jonas Brandt	Amsterdam	True
d1661	Fundi Konde	Kibera	True
d1662	Henry Howell	Fish Haven	True
d1663	William W. Ellsberry	Georgetown	True
d1664	Wells Coates	Vancouver	True
d1665	Celestina Boninsegna	Milan	True
d1666	William Dickson	Niagara-on-the-Lake	True
d1667	Marianna Pineda	Boston	True
d1668	John Diston Powles	Elstree	True
d1670	John Batchelor	Stepping Hill Hospital	True
d1672	John Westbrook Hornbeck	Allentown	True
d1673	John Marwick	Hastings	True
d1674	Zalman Shneur	New York	True
d1675	Gérald Gagnier	Montreal	True
d1677	Purushottam Kakodkar	Delhi	True
d1678	Frank Hall Standish	Cádiz	True
d1679	Richard Watson Dixon	Warkworth	True
d1680	Odille Morison	Metlakatla, British Columbia	True
d1681	Adamae Vaughn	Studio City	True
d1683	George Coulthard	Lygon Street, Melbourne	True
d1684	Thomas Mardaga	Wilmington	True
d1685	Richard Nolte	Hanover	True
d1686	Louis George Harper	Percé	True
d1688	James MacCash	St. Louis	True
d1689	Cesare Siepi	Piedmont Hospital	True
d1690	Robert Armstrong	Washington, D.C.	True
d1691	Jo Jo Laine	St George's Hospital	True
d1692	Margaret Darst Corbett	Los Angeles	True
d1693	Greg Dening	Hobart	True
d1695	Tiberius Hemsterhuis	Leiden	True
d1696	Romola de Pulszky	London	True
d1697	Clinton Howard Swindle	Stephenville	True
d1698	Peter Patterson	Montmorency	True
d1699	Madame Restell	Fifth Avenue	True
d1700	Howell Cheney	Pinellas County	True
d1701	Dharma Man Tuladhar	Kathmandu	True
d1702	Francis Walton	Surbiton	True
d1704	James O'Neill	British Isles	True
d1705	George Hedford Dunn	Lawrenceburg	True
d1706	Edward Williams	Rotherham	True
d1707	Conradin of Bornada	Bologna	True
d1708	Henry George Glyde	Victoria	True
d1709	Edward Evans	Pinner	True
d1710	Richard Barry Parker	Letchworth	True
d1711	Diamantina Bowen	Bethnal Green	True
d1712	Willem Breuker	Amsterdam	True
d1714	George Alexander Pearre	Cumberland	True
d1715	Otto Spoerri	Switzerland	True
d1716	J. William Stokes	Orangeburg	True
d1717	George Burton	Bath	True
d1720	Christopher Hewetson	Rome	True
d1722	Francesco Bianchi	Hammersmith	True
d1724	John Givens	Louisville	True
d1725	Sir Thomas Aston, 1st Baronet	Stafford	True
d1727	David Brydie Mitchell	Milledgeville	True
d1728	Leo Rangell	Los Angeles	True
d1729	Arnoldus Bloemers	The Hague	True
d1730	Hubert de Burgh, 1st Earl of Kent	Banstead	True
d1731	John Nichols	Raleigh, North Carolina	True
d1733	Ernest Beaglehole	Wellington	True
d1734	William C. Hammer	Asheboro	True
d1735	Jack Firth	Cottingley, Leeds	True
d1736	Mark S. Brewer	Washington, D.C.	True
d1737	Gabriel Guevrekian	Antibes	True
d1739	Leonard W. Doob	Hamden	True
d1741	Peter von Scholten	Altona, Hamburg	True
d1742	Nathan George Horwitt	Stockbridge	True
d1743	Anna Blackburne	Warrington	True
d1745	Leslie George Katz	Manhattan	True
d1749	Carlo Buti	Montelupo Fiorentino	True
d1751	János Murkovics	Lendavske Gorice	True
d1752	Arthur Yager	Pewee Valley	True
d1753	William Hone	Tottenham	True
d1754	Matthew Feldman	Teaneck	True
d1755	Nathaniel Wraxall	Dover	True
d1756	Sir James Stuart, 1st Baronet	Quebec City	True
d1758	Frederick A. Hetzel	Pittsburgh	True
d1761	Henry Blundell	Ince Blundell	True
d1762	Charles Martin	Chicago	True
d1763	Huw Ceredig	Morriston Hospital	True
d1764	Marcos de Torres y Rueda	Mexico City	True
d1765	Janez Bleiweis	Ljubljana	True
d1766	Frank Marcus	London	True
d1767	Bhai Gurdas	Goindval	True
d1768	Margaret Marshall Saunders	Toronto	True
d1769	Nathan Drake	Hadleigh, Suffolk	True
d1770	Hubert J. Foss	London	True
d1771	Francesco Vanni	Siena	True
d1772	Ágoston Pável	Szombathely	True
d1773	Ruby Hooper	Asheville	True
d1775	Dequinha	Aracaju	True
d1777	Charles Crowther	Geraldton	True
d1779	Thomas Atholl Robertson	Palmers Green	True
d1780	Frank J. Marion	Stamford	True
d1781	Giovan Battista Dell'Era	Florence	True
d1782	George Ferdinand Becker	Washington, D.C.	True
d1783	Alema Leota	Everett	True
d1784	Ben Reitman	Chicago	True
d1786	Frank C. Millspaugh	Joplin	True
d1787	Mark Clinton	County Dublin	True
d1788	Geraldine Doyle	Lansing	True
d1789	Matthew Warren	Taunton	True
d1790	Walter Price	Adelaide	True
d1791	Eliza Newton	Bellevue Hospital	True
d1793	John Ridley	London	True
d1794	Joseph Cefai	Victoria	True
d1795	Lorne Bonnell	Queen Elizabeth Hospital	True
d1796	Leonard Williams	Napier	True
d1797	Richard Layton	Brussels	True
d1799	Mark R. Bacon	Pasadena	True
d1800	James F. Hughes	Rochester	True
d1801	Yehuda Pen	Vitebsk	True
d1803	Robert Desoille	Paris	True
d1804	Peter Leo Ireton	MedStar Georgetown University Hospital	True
d1805	David Hubbard	Pointe Coupee Parish, Louisiana	True
d1806	Kailash Sankhala	Jaipur	True
d1807	František Wolf	Berkeley	True
d1808	Mary Lavin	Dublin	True
d1810	Valerian Trifa	Cascais	True
d1812	Joseph Demarco	Cospicua	True
d1813	Annie Knight	Aberdeen	True
d1814	Amelia Elizabeth Walden Award	Westport	True
d1815	J. E. P. Aldous	Hamilton	True
d1816	Thomas Cawton	Rotterdam	True
d1817	Robert Browne	Northampton	True
d1818	Edward Cadogan	Wicken	True
d1819	Henry David Leslie	Baschurch	True
d1821	Charles Manners	Republic of Ireland	True
d1823	Vincenzo La Scola	Mersin	True
d1824	Amy Dillwyn	Swansea	True
d1826	William More Gabb	Philadelphia	True
d1827	William Bresnan	Greenwich, Connecticut	True
d1828	Noel Wien	Bellevue	True
d1829	Phyllis Morris	Beverly Hills	True
d1830	Dmitry Grigorieff	Washington, D.C.	True
d1833	John B. Gagnon	Augusta	True
d1834	Margo McLennan	England	True
d1835	Henry Trengrouse	Helston	True
d1836	Frederick Stewart	Hong Kong	True
d1837	Maisie Shiell	Saskatoon	True
d1838	James Thursfield	Golders Green	True
d1839	Heman Allen	Highgate	True
d1840	Francis Lathom	Aberdeenshire	True
d1841	Fernando Wood	Hot Springs	True
d1842	Sidney Homer	Winter Park	True
d1843	Sarah Lyttelton, Baroness Lyttelton	Hagley	True
d1845	Henry Bentinck, 1st Duke of Portland	Spanish Town	True
d1846	Carl Curt Hosseus	Córdoba Province	True
d1847	John Caskie	Richmond	True
d1848	Ibrahim Coulibaly	Abidjan	True
d1849	Henri Catargi	Bucharest	True
d1850	Francisco Mendoza de Bobadilla	Arcos de la Llana	True
d1851	Gennaro Rubino	Leuven	True
d1852	Samuel Ward Jr.	New York City	True
d1853	Hortensio Quijano	Buenos Aires	True
d1855	Fitzhugh Green Sr.	Danbury Hospital	True
d1856	Collins Denny	Richmond	True
d1857	Ernesto Pugibet	Paris	True
d1861	Alexander Samuel MacLeod	Palo Alto, California	True
d1862	Arthur Granville Dewalt	Allentown	True
d1865	James Mirams	Moonee Ponds	True
d1866	Robert Zimmermann	Munich	True
d1867	Harry Jones	Vancouver	True
d1868	Charles Baxter	Lewisham	True
d1869	Caroline Knapp	Cambridge, Massachusetts	True
d1870	Jose Antonio Ortega Bonet	Coral Gables	True
d1871	William Pleater Davidge	Cheyenne	True
d1872	Louis Capazza	Paris	True
d1874	Charles Heaney	Portland	True
d1876	John Nicholson	Maryland	True
d1877	Dorothy Maynor	West Chester	True
d1878	William Richard Sutton	Brighton	True
d1879	Ulysses S. Grant IV	Saint John's Health Center	True
d1880	William Edmondson	Nashville, Tennessee	True
d1883	John Klingensmith, Jr.	Westmoreland County, Pennsylvania	True
d1884	Rosita Díaz Gimeno	New York	True
d1885	Władysław Hasior	Kraków	True
d1886	Hambarsoom Grigorian	Tehran	True
d1887	Fredy Perlman	Henry Ford Hospital	True
d1888	Jakub Heilpern	Gardone Riviera	True
d1889	Paul N. Domke	Alpena	True
d1891	Tom Henderson	Glasgow	True
d1892	Alphonse Kann	England	True
d1893	Nirmala Deshpande	New Delhi	True
d1894	John Haggard	Brighton	True
d1895	Henry Bracken	Lancaster, Lancashire	True
d1896	Harry E. Donnell	New York City	True
d1897	John Patrick Spiegel	Cambridge, Massachusetts	True
d1898	Joseph Dombey	Montserrat	True
d1899	Kenny Baker	Gallatin	True
d1901	Charles Manning Reed	Erie	True
d1902	Václav Havel	Prague	True
d1903	Sarah Crompton	Birmingham	True
d1904	Matthew Lawler	Cincinnati	True
d1905	Frank P. Sanders	Potomac	True
d1906	Alexander Douglas	Elgin	True
d1907	Stanisław Pyjas	Kraków	True
d1908	Edmund Gurney	Brighton	True
d1909	Theophilus Shepstone	Pietermaritzburg	True
d1910	Neil S. McCarthy	Good Samaritan Hospital	True
d1911	Isaac Wilson Joyce	Minneapolis	True
d1912	Dominic Jacobetti	Negaunee	True
d1913	Ludovico Dorigny	Venice	True
d1915	Margaret Harshaw	Libertyville	True
d1916	Hans Nicolai Lange	Paris	True
d1917	Gilbert de Clare, 7th Earl of Gloucester	Monmouth Castle	True
d1919	Charles Cooper	London	True
d1920	Francis Martin	Bruges	True
d1921	John Cannon	Québec	True
d1922	Kripal Singh Shekhawat	Jaipur	True
d1923	Ivy Weber	Camberwell	True
d1924	Norman Ryan	Sarnia	True
d1925	Luis Ricardo Falero	University College Hospital	True
d1926	Tzvi Hirsch Ferber	London	True
d1927	Ali Shayegan	United States	True
d1928	Nicolas Eekman	Paris	True
d1929	Mala Kachalla	Maiduguri	True
d1930	James Milnor	New York City	True
d1932	Donald Lawrence O'Toole	Ocala	True
d1933	Harold Schafer	Bismarck, North Dakota	True
d1934	Andy Schuttinger	Florida	True
d1935	Alfred Flores	Malojloj	True
d1936	Marcus Beresford, 1st Earl of Tyrone	Tyrone House	True
d1937	Robert W. Copeland	Tacoma	True
d1938	Johann Ziegler	Vienna	True
d1939	John Hamman	San Antonio	True
d1940	Tom Mankiewicz	Los Angeles	True
d1942	James Hampton	Washington, D.C.	True
d1945	Marcel Boulic	Saint Boniface—Saint Vital	True
d1946	Hiram M. Chittenden	Seattle	True
d1947	Robert Edmonstone	Kelso	True
d1948	Robert Pierrepont, 3rd Earl of Kingston-upon-Hull	Dieppe, Seine-Maritime	True
d1949	Samuel Owen	Sunbury-on-Thames	True
d1950	J. Buell Snyder	Pittsburgh	True
d1952	Gloria Grey	Hollywood	True
d1953	Walter M. Mumma	Bethesda	True
d1955	Catherine Breshkovsky	Czechoslovakia	True
d1956	Robert Crosthwaite	Bolton Percy	True
d1957	Charles S. Hartman	Great Falls	True
d1958	Ralph Sadler	Standon, Hertfordshire	True
d1959	Martin Laroche	Birmingham	True
d1960	William H. Hardy	Gulfport	True
d1962	Charles Frederick Ehret	Grayslake	True
d1963	Moses Harman	Los Angeles	True
d1964	James Black	Washington	True
d1965	Adiel Sherwood	Missouri	True
d1966	Thomas Sigismund Stribling	Florence	True
d1967	Stephen Joseph	Scarborough, North Yorkshire	True
d1968	Ethel Harrington	Miami	True
d1969	Corey Rudl	Loma Linda University Medical Center	True
d1970	André Godard	Paris	True
d1971	Édouard Gagnon	Montreal	True
d1975	Leo Connellan	Balranald	True
d1976	Erol Onaran	Turkey	True
d1977	Enoch George	Staunton, Virginia	True
d1979	Louis Klein	Paris	True
d1980	Thomas Dickson Archibald	Hyde Park, London	True
d1981	John Bonser	Portland	True
d1983	Gladys Morgan	Worthing	True
d1985	Caleb Bentley	Sandy Spring	True
d1987	Ed Townsend	San Bernardino	True
d1989	John Paul Rylands	Birkenhead	True
d1990	Louis Vincent Aronson	Long Branch	True
d1991	John Barton Hack	Semaphore	True
d1992	Jakob Middendorp	Cologne	True
d1994	Thomas Chaloner	Middelburg	True
d1995	James H. Davidson	Washington, D.C.	True
d1996	Sheo Dan Mal	Nagpur	True
d1997	Gunther of Bohemia	Hartmanice	True
d1998	Thomas D. Singleton	Raleigh, North Carolina	True
d2000	Thomas Slingsby Duncombe	Sussex	True
d2001	Bobby Gimby	North Bay	True
d2002	Donald Reid	Green Island	True
d2003	Bampfylde Moore Carew	Bickleigh	True
d2004	Kinkri Devi	Chandigarh	True
d2005	Nicolasa Valdés	Santiago	True
d2006	Debbie Dean	Ojai	True
d2007	John Anderson	Chennai	True
d2008	Owen Manning	Godalming	True
d2009	Sanford H. Roth	Rome	True
d2010	Johannes Hentschel	Achern	True
d2011	George Hanlon	Geelong	True
d2012	Joseph Strutt	Writtle	True
d2014	He Xiehou	Hangzhou	True
d2015	Nadezhda Obukhova	Autonomous Republic of Crimea	True
d2016	George Fairholme	Leamington Spa	True
d2017	Aaron Olmsted	East Hartford	True
d2019	James Wedderburn	Canterbury	True
d2020	Sergey Platonov	Samara	True
d2021	Thomas David McConkey	Barrie	True
d2022	José Moñino, 1st Count of Floridablanca	Seville	True
d2023	Liudas Vilimas	United States	True
d2024	William Barnard Rhodes	Wellington	True
d2025	Gjorgji Abadžiev	Skopje	True
d2026	Severus William Lynam Stretton	Southampton	True
d2027	Ellenor Fenn	Dereham	True
d2028	Edward Dugmore	Minneapolis	True
d2029	Ernest Freeland	Beaconsfield	True
d2030	Harry Lewiston	San Bernardino County, California	True
d2032	Thomas Frederick Colby	New Brighton	True
d2033	Jeanne Chall	Cambridge, Massachusetts	True
d2036	Akhtar Hussain Malik	Ankara	True
d2037	Aline Bernstein	New York City	True
d2039	Phyllis Welch MacDonald	San Mateo	True
d2040	Edward Baynes	Sidmouth	True
d2041	Henry Siddons	Edinburgh	True
d2042	William Fitzwilliam Owen	Saint John	True
d2043	John Albano	Orlando, Florida	True
d2044	Edwin Sill Fussell	La Jolla	True
d2045	Joseph Anstice	Torquay	True
d2046	John Campbell Greenway	New York City	True
d2047	William Tooker	Salisbury	True
d2048	Joel Crawford	Blakely	True
d2049	William McAdam	Ballarat	True
d2050	Francis Sibson	Geneva	True
d2051	Henry E. Stubbs	Washington, D.C.	True
d2052	Benjamin T. Frederick	San Diego	True
d2053	Gavin Dunbar	St Andrews	True
d2055	George Macbeth	London	True
d2056	François Roberday	Auffargis	True
d2057	Edvard Liljedahl	Vik	True
d2059	Eli T. Stackhouse	Washington, D.C.	True
d2063	Edward K. Gill	Plainfield	True
d2064	Thomas Eagles	Clifton	True
d2065	James Pattison Cockburn	Royal Arsenal	True
d2066	Joel West Flood	Richmond	True
d2067	Heinrich Bütefisch	Essen	True
d2068	Camilo Egas	New York	True
d2069	Christa Wolf	Berlin	True
d2071	Judith Binney	Auckland	True
d2072	James Monroe	Orange	True
d2074	Thomas Richard Beaumont	Bretton Hall, West Yorkshire	True
d2076	Edith Evans Asbury	Manhattan	True
d2077	Jules Bache	Palm Beach	True
d2078	Jacobus Balduinus	Bologna	True
d2079	James Gardiner	Tranent	True
d2080	John Davidson	Eastbourne	True
d2081	James Lent	Washington, D.C.	True
d2084	John H. Lee	San Diego	True
d2085	Horace Plunkett	Weybridge	True
d2086	Alonzo de Barcena	Cusco	True
d2088	Peter Reesor	Markham	True
d2090	Bouvier Beale	Glen Cove	True
d2091	William Walker Atkinson	Los Angeles	True
d2093	Denis McLean	Wellington	True
d2094	John Thomas Mullock	St. John's	True
d2095	Arthur Loomis Harmon	White Plains	True
d2096	Wendy Wyland	Rochester, New York	True
d2097	John Thompson	New Orleans	True
d2099	Samuel Blandford	St. John's	True
d2100	John Robert Godley	London	True
d2101	Will Harridge	Evanston	True
d2102	John Pierpont	Medford	True
d2104	Aurelius Battaglia	Provincetown, Massachusetts	True
d2105	Gerald Howat	Oxford	True
d2106	Abdur Rab Nishtar	Karachi	True
d2108	Francesco Sabatini	Madrid	True
d2109	Morris Pashman	New York City	True
d2110	Fred Hoskins	Mineola	True
d2111	Andrée Ruellan	Kingston	True
d2112	John Robinson Hamilton	New Carlisle	True
d2113	Jacob Duché	Philadelphia	True
d2114	Joseph C. Plagens	St. Mary's Hospital	True
d2115	Dorothy Sloop	Pass Christian	True
d2116	Giorgio Antoniotto	Calais	True
d2119	Henry Bailey	St Kilda	True
d2120	Reuben Robie	Bath	True
d2121	Aaron Lyle	Cross Creek Township	True
d2122	Toros Toramanian	Yerevan	True
d2123	William Vincent Legge	Cullenswood	True
d2124	James Oldshue	Sarasota Memorial Hospital	True
d2125	Ezequiel Martínez Estrada	Bahía Blanca	True
d2126	Heinz Weiss	Grünwald	True
d2127	Jonathan McCully	Halifax	True
d2128	Martin Gauger	Sonnenstein Euthanasia Centre	True
d2129	Simon Goulart	Geneva	True
d2130	Enrico Donati	Manhattan	True
d2131	Sidney L. James	Alameda County, California	True
d2132	Gorgias	Larissa	True
d2133	Joseph Biles Anthony	Williamsport	True
d2134	François Piétri	Ajaccio	True
d2135	Harry Warren	Los Angeles	True
d2136	Gisella Perl	Israel	True
d2137	Isaac H. Taylor	Hartville	True
d2138	Blamire Young	Montrose	True
d2141	Waheedul Haq	Dhaka	True
d2142	Robert Clavell	Islington	True
d2144	George Forbes	Worthing	True
d2145	Burwell Boykin Lewis	Tuscaloosa	True
d2146	Hugh Bigod, 1st Earl of Norfolk	Palestine	True
d2147	Ross M. Lence	Houston	True
d2148	Kaare Fostervoll	Oslo	True
d2149	Esteban Mellino	Buenos Aires	True
d2150	Lydia Lipkowska	Beirut	True
d2151	Gamaliel Bradford	Cambridge, Massachusetts	True
d2152	Samuel Merrill	Indianapolis	True
d2153	John C. Watts	Lexington, Kentucky	True
d2154	Stephen C. Millard	Binghamton	True
d2156	John Banting	Hastings	True
d2157	Marcantonio Negri	Krk	True
d2158	William Wilson	Newark	True
d2159	Bill Hoest	New York University School of Medicine	True
d2160	William Graham, 2nd Duke of Montrose	Twickenham	True
d2162	Broadus Erle	Guilford	True
d2163	Eduardo Madero	Genoa	True
d2164	Louise Chandler Moulton	Boston	True
d2166	Jigme Phuntsok	Tibet	True
d2167	Charles Nuttall	Melbourne	True
d2168	Frank Sayers	Norwich	True
d2169	Stepan Erzia	Moscow	True
d2170	Bettina Welch	Australia	True
d2171	Thomas Hume	Hanwell	True
d2172	Thomas E. McKay	Salt Lake City	True
d2173	Thomas Paxton	Whitby	True
d2175	Grosvenor Hodgkinson	Newark	True
d2177	Margaret Bright Lucas	London	True
d2180	Sydney Newton	Beverley	True
d2181	Helvi Leiviskä	Helsinki	True
d2182	Apollos Smith	Montreal	True
d2184	Joel Benton	Poughkeepsie	True
d2186	George Throckmorton	Italy	True
d2187	John Scott	Auckland	True
d2188	John Galbraith	Erie	True
d2189	Ted Greatorex	Vaucluse	True
d2191	Earl Shinn	New York City	True
d2192	George Eld	Coventry	True
d2193	Hugh McCormick Smith	Washington, D.C.	True
d2196	William Stewart, 1st Earl of Blessington	London	True
d2197	Kenneth R. Harding	Florida	True
d2198	Sofia Adamson	Pasadena	True
d2199	Richard Goldman	San Francisco	True
d2201	Henry Godolphin	Windsor	True
d2203	Joseph Almosnino	Mikulov	True
d2204	Walter Richard Cassels	London	True
d2206	Hortense Ellis	Kingston, Jamaica	True
d2207	Erich Heller	Evanston	True
d2208	Ahmed I	Topkapı Palace	True
d2209	Reg Manning	Arizona	True
d2211	Edward Backwell	Holland	True
d2212	Khursheed Bano	Karachi	True
d2213	Henriette Gottlieb	Łódź Ghetto	True
d2214	James Pike	Newfields	True
d2216	Jimmy Brown	Copenhagen	True
d2217	Adamson Tannehill	Pittsburgh	True
d2218	Elizabeth Randles	Liverpool	True
d2219	Çiğdem Talu	Istanbul	True
d2221	Mary Tudor	Paris	True
d2222	John Boyle, 2nd Earl of Glasgow	Kelburn Castle	True
d2223	Simon Wing	Charlestown, Boston	True
d2225	Li Jishen	Beijing	True
d2226	John B. Bennett	Chevy Chase	True
d2227	Sir Edward Barry, 1st Baronet	Bath	True
d2228	Stephen Bolles	Washington, D.C.	True
d2229	William Briggs	West Malling	True
d2232	John Yeardley	England	True
d2234	Arthur E. Powell	Los Angeles	True
d2235	Janie Porter Barrett	Hampton	True
d2236	Arthur Jewitt	Headington	True
d2237	David Fullerton Robison	Chambersburg	True
d2238	John Smyth	Chesterfield	True
d2239	Zahid Mubarek	Charing Cross Hospital	True
d2240	Claude Aveneau	Québec	True
d2243	Melford Okilo	Yenagoa	True
d2244	Blanche Cole	London	True
d2245	Anthony Anderson	Quebec City	True
d2246	Gotthard Deutsch	Cincinnati	True
d2247	Aylmer Haldane	London	True
d2248	John Durant Breval	Paris	True
d2249	Georg Weiner	Göttingen	True
d2250	William Cole	Milton	True
d2251	Bobby Poe	Grove	True
d2252	Keith Kingbay	Denver	True
d2253	Lois Gould	Manhattan	True
d2255	Ada Brown	Kansas City, Missouri	True
d2258	Wilmer Fields	Manassas	True
d2259	Amon Bazira	Kenya	True
d2261	E. Digby Baltzell	Boston	True
d2262	Christina Bellin	Manhattan	True
d2263	David Roblin	Greater Napanee	True
d2265	Al Bernardin	Community Hospital of the Monterey Peninsula	True
d2267	Eliza Fay	Kolkata	True
d2268	John Ross	Toronto	True
d2269	Masakazu Yoshizawa	San Gabriel Valley	True
d2270	Henry Wemyss Feilden	Burwash	True
d2271	Ihor Ševčenko	Cambridge, Massachusetts	True
d2273	Denis Florence MacCarthy	Blackrock, Dublin	True
d2274	Myron Waldman	Bethpage	True
d2277	Anderson W. Brown	Rhinelander	True
d2278	Hans Herlin	France	True
d2280	Dudley Marvin	Ripley	True
d2281	Edward Wotton, 1st Baron Wotton	Boughton Malherbe	True
d2283	Jennie Tourel	New York City	True
d2284	Mary Daly	Fitzroy	True
d2285	John M. Crebs	Carmi	True
d2286	Ruth Picardie	London Borough of Lambeth	True
d2287	Charles Smith	Wineham	True
d2288	Mário Palmério	Uberaba	True
d2289	Grace Keagy	Rochester, New York	True
d2290	Fred E. Stewart	Oakland	True
d2291	William Yates Atkinson	Newnan	True
d2292	Alexander Howe	Colony of Nova Scotia	True
d2293	Jacob Tirado	Jerusalem	True
d2294	Richard Grosvenor, 1st Earl Grosvenor	Earl's Court	True
d2295	Johnston McCulley	Los Angeles	True
d2296	Edmund FitzGibbon	Castletown, County Cork	True
d2298	Denis E. Dillon	Rockville Centre	True
d2303	Charles Barton	Cheltenham	True
d2304	Giuseppe Panza	Milan	True
d2305	Mathilde Wesendonck	Altmünster	True
d2306	David John Williams	Rhydcymerau	True
d2309	James Henry Randolph	Newport	True
d2310	David Thomas	Providence, Rhode Island	True
d2311	Alexander Ross	Bramshill House	True
d2312	John J. Spoltore	Trenton, New Jersey	True
d2313	Nathaniel Boyden	Salisbury	True
d2315	Alonzo C. Shuford	Chapel Hill	True
d2316	Dighton Corson	Pierre	True
d2317	John Wesley Etheridge	Camborne	True
d2318	Juana Navarro Alsbury	Bexar County	True
d2319	Hiram Y. Smith	Des Moines	True
d2320	George Edward Perine	Brooklyn	True
d2322	Marcus Peter Blakemore	Pittsburgh	True
d2324	George Vandeman	Newbury Park, California	True
d2326	Julanne Johnston	Grosse Pointe	True
d2331	Edward Hempstead	St. Louis	True
d2332	Tejeshwar Singh	Mussoorie	True
d2333	John Linn	Washington, D.C.	True
d2334	Theophilus Howard, 2nd Earl of Suffolk	Northumberland House	True
d2335	Marcantonio Riverditi	Bologna	True
d2336	John Morton Eshleman	Indio	True
d2337	Mohammad Mokri	Évry	True
d2338	Mary Balfour Herbert	London	True
d2339	Horace Brigham Claflin	Fordham	True
d2340	Abeid Karume	Stone Town	True
d2341	Marguerite de Angeli	West Philadelphia	True
d2343	Jean Poton de Xaintrailles	Bordeaux	True
d2344	James Blair	Washington, D.C.	True
d2345	Frederick Ransome	East Dulwich	True
d2346	John Fawcett	Manchester	True
d2347	Tony Cennamo	Malden, Massachusetts	True
d2349	Algirdas Klimaitis	Hamburg	True
d2350	William Sclater	Pitminster	True
d2351	Robert M. Douglas	Greensboro	True
d2352	India Edwards	Sebastopol	True
d2354	Adeline Dutton Train Whitney	Milton	True
d2358	Clifford Grodd	Manhattan	True
d2360	Augustus Rhodes Sollers	Prince Frederick	True
d2361	Severn E. Parker	Northampton County, Virginia	True
d2363	Albert Faille	Fort Simpson	True
d2366	Clóvis Bornay	Rio de Janeiro	True
d2367	Sultan Khan	Mumbai	True
d2368	Bolton Brown	Woodstock	True
d2369	Crosby Stuart Noyes	Pasadena	True
d2370	Dora Keen	Hong Kong	True
d2371	John Walter Huddleston	South Kensington	True
d2373	Guido Cagnacci	Vienna	True
d2376	Josip Vošnjak	Slovenska Bistrica	True
d2377	Jotham Blanchard	Truro	True
d2378	George William Crump	Powhatan County, Virginia	True
d2379	George Kennion	Ayr	True
d2380	William B. McCreery	Flint	True
d2382	Sally Benson	Woodland Hills, Los Angeles	True
d2384	Henry Fukuhara	Yorba Linda	True
d2386	Svein Erik Bakke	Oslo	True
d2387	Gustave Rudler	Paris	True
d2388	Wincenty Krasiński	Warsaw	True
d2389	Frieda Belinfante	Santa Fe	True
d2390	Michael Whelan	Chatham	True
d2391	Ernest Dichmann Peek	San Francisco	True
d2394	George Feyer	Upper East Side	True
d2395	A. L. Lloyd	Greenwich	True
d2397	Henry Elijah Alvord	St. Louis	True
d2398	Edson Fessenden Gallaudet	Branford	True
d2399	Stephen Glanville	Cambridge	True
d2401	Hristofor Žefarović	Moscow	True
d2403	James Pryde	Kensington	True
d2404	Margherita Farnese	Piacenza	True
d2407	Frederick Ogilvie	Oxford	True
d2408	Harold Spiro	Cyprus	True
d2409	Lotfia Elnadi	Cairo	True
d2410	William Lamerton	Launceston	True
d2412	Thomas Leslie Teevan	Portstewart	True
d2413	Shenoi Goembab	Mumbai	True
d2415	Francis Jayne	Oswestry	True
d2416	Tor Hagfors	Puerto Rico	True
d2417	Thomas Lewis	Lynnwood, Rockingham County, Virginia	True
d2418	Charles F. Humphrey	Walter Reed Army Medical Center	True
d2419	William Macomb	Detroit	True
d2420	James J. Lanzetta	New York	True
d2421	Frederick Derham	Kew Vic	True
d2422	Charles James Barnett	Brighton	True
d2423	Slavko Zagorac	Sarajevo	True
d2424	Jeremiah Wood	Hempstead, New York	True
d2425	Charles de Montigny	Tianjin	True
d2426	Alexander Vidal	Sarnia	True
d2427	America Iglesias Thatcher	Los Angeles	True
d2428	Frances Kellor	New York City	True
d2429	Thomas Talbot	St. John's West	True
d2430	Rudi Fehr	Los Angeles	True
d2431	Eugene P. Spellman	Miami	True
d2432	Robert Henry Whitelaw	Blytheville	True
d2433	Samuel F. Hersey	Bangor	True
d2435	Simon Halkin	Jerusalem	True
d2436	Christopher Alexander Hagerman	Toronto	True
d2437	Theodore Cooper	New York City	True
d2438	Joseph Montgomery	Harrisburg	True
d2439	Kazi Lhendup Dorjee	Kalimpong	True
d2440	Norm Schachter	San Pedro	True
d2441	Herbert Zim	Plantation Key	True
d2442	Ernesto Maserati	Bologna	True
d2443	John Stubbs	Le Havre	True
d2444	John Philip Newman	Saratoga Springs	True
d2445	David Fisher (II)	Woodbridge	True
d2446	William Maire	Lartington Hall	True
d2450	Robin Hunter	Toronto Western Hospital	True
d2453	Antal Nagy de Buda	Cluj-Napoca	True
d2457	Benjamin Brewster	Cazenovia	True
d2458	Heinrich Anton Dähling	Potsdam	True
d2460	Frederick Madison Roberts	LAC+USC Medical Center	True
d2461	John Stuart	Ambleside	True
d2462	James Shen	Taipei	True
d2463	Giovanni Battista Cipriani	Hammersmith	True
d2464	Henry Venn Elliott	Brighton	True
d2465	John Fendall Jr.	Kolkata	True
d2466	Adam Seybert	Paris	True
d2467	Mial Eben Lilley	Towanda	True
d2468	Hong Yi	Quanzhou	True
d2469	Ben Fuller	St George's Hospital	True
d2470	John Mure	Glasgow	True
d2472	Abner Wimberly	Oak Ridge	True
d2473	Patrick Farrelly	Meadville	True
d2475	Derek McCulloch	Haywards Heath	True
d2476	Ira Spring	Edmonds, Washington	True
d2477	Antonín Svoboda	Portland	True
d2480	James Davidson	Aspatria	True
d2481	Brian Cutillo	Tulare County, California	True
d2482	John Murray of Broughton	Cheshunt	True
d2483	Ángel Rama	Adolfo Suárez Madrid–Barajas Airport	True
d2484	Edwin Ellis	St Thomas' Hospital	True
d2486	Joe L. Smith	Beckley	True
d2488	Clarence Carnes	United States Medical Center for Federal Prisoners	True
d2489	Joseph Jean Baptiste Xavier Fournet	Lyon	True
d2490	Cesare Correnti	Rome	True
d2491	Nikolay Alexandrovich Milyutin	Moscow	True
d2492	Judy Mazel	Santa Monica	True
d2493	John Shortland	Lille	True
d2494	Stephen Warfield Gambrill	Washington, D.C.	True
d2495	Edward James Willson	Lincoln	True
d2496	Ksawery Błasiak	London	True
d2497	William Richard Johnson	Freeport	True
d2499	Jorge Noceda Sánchez	Miami	True
d2501	James Mawdsley	Taunton	True
d2503	Hugh Iorys Hughes	Colchester	True
d2504	Benjamin Duterrau	Hobart	True
d2505	John Spencer Bassett	Washington, D.C.	True
d2507	Theophilus Parsons	Boston	True
d2509	James Pettit Andrews	Brompton, London	True
d2510	Lord Edward Cavendish	Marylebone	True
d2511	John Yeamans	Barbados	True
d2512	Ludwig Heinrich Bojanus	Darmstadt	True
d2513	Matthew Pilkington	Dublin	True
d2514	Samuel Pasfield Oliver	Worthing	True
d2515	William H. Crain	Washington, D.C.	True
d2516	Drue Cressener	Soham	True
d2517	Thomas Dunham Whitaker	Blackburn	True
d2518	Andreas de Vega	Salamanca	True
d2519	John McClelland	Georges Township	True
d2520	W. H. Jude	London	True
d2521	Francis Windebank	Paris	True
d2522	Pepe Soares	Lisbon	True
d2523	Giovanni Gallini	Hanover Square Rooms	True
d2524	Richard Fegley	Chicago	True
d2525	James Hervey Price	Shirley, Southampton	True
d2526	John Petrie	Brisbane	True
d2527	Edward Tuck	Monte Carlo	True
d2528	William Nicholson	City of Westminster	True
d2529	Fyodor Petrovich Komissarzhevsky	United States	True
d2531	Einar W. Sissener	Oslo University Hospital, Ullevål	True
d2533	Herbert George Flaxman Spurrell	Alexandria	True
d2535	Walter W. Magee	Syracuse	True
d2536	Walter Thomas Monnington	London	True
d2537	Ethel Catherwood	California	True
d2538	Lord Adolphus FitzClarence	Newburgh Priory	True
d2539	John Eadie	Glasgow	True
d2540	James Morris	Brockville	True
d2543	John Meyers	Belleville	True
d2544	James Douglas, 9th Earl of Douglas	Lindores Abbey	True
d2546	Henry Allen Cooper	Washington, D.C.	True
d2548	Mariana Grajales Cuello	Kingston, Jamaica	True
d2549	Joseph Tarbell	Norfolk, Virginia	True
d2550	Thomas Bridges Hughes	Lelant	True
d2552	Daniel Keefe	Elmhurst	True
d2553	Thomas Sparke	Bletchley	True
d2554	Edmund Heath	Clarendon	True
d2556	Arthur Gunter	Port Huron	True
d2557	Katharine Goodson	London	True
d2558	William Hazlitt	Devon	True
d2559	Coral Lansbury	Philadelphia	True
d2560	Pauline Smith	Dorset	True
d2561	Livio Agresti	Rome	True
d2562	Rhys Gryg	Llandeilo	True
d2563	William Laurence Sullivan	Germantown	True
d2564	Jackson Bailey	Brattleboro	True
d2566	Thomas Dempster	Bologna	True
d2567	Clarice Blackburn	New York City	True
d2569	Robert E. Lee Allen	Mountain Lake Park Historic District	True
d2571	Bridey Murphy	Denver	True
d2572	Constantine Jessop	Wimborne Minster	True
d2573	Richard Marpole	Vancouver	True
d2575	Kae Sumner Einfeldt	Capitola	True
d2576	Henri Christian Michel de Stengel	Carcassonne	True
d2577	Lawrence Mott	Steamboat Creek	True
d2578	Eduardo Herrera Bueno	Oviedo	True
d2579	Peter Smithers	Vico Morcote	True
d2580	Anita Brenner	Aguascalientes	True
d2581	Frank Buchanan	Bethesda	True
d2586	Harry Gosling	Twickenham	True
d2587	William Blackall Simonds	Pangbourne	True
d2588	Samuel Joseph May	Syracuse	True
d2589	Lia Maivia	Davie	True
d2590	Joseph R. Walker	Walnut Creek	True
d2591	Wilhelm von Le Suire	Nuremberg	True
d2593	Stephen Symonds Foster	Liberty Farm	True
d2595	Solomon Newton Pettis	Meadville	True
d2596	George Hutchins Bingham	Manchester	True
d2598	Daniel Sheffer	York Springs	True
d2599	Maxwell Perkins	Stamford	True
d2600	Marie Kendall	Clapham	True
d2601	Sir Edward Wilmot, 1st Baronet	Dorset	True
d2605	S. Lane Faison	Williamstown	True
d2606	William J. Simmons	Louisville	True
d2607	Jimmy Reid	Inverclyde Royal Hospital	True
d2608	William Elliott	Beaufort	True
d2609	Anna Belle Clement O'Brien	Knoxville	True
d2610	David Monro	Bath	True
d2611	Hugh Fraser, 1st Baron Fraser of Allander	Mugdock Castle	True
d2612	Pamela Cooper	Amesbury	True
d2613	Archibald Johnston	Bath	True
d2614	James Houston	Chestertown	True
d2615	Ralph P. Lowe	Washington, D.C.	True
d2616	Pierre Adolphe Rost	New Orleans	True
d2617	John M. Landrum	Shreveport	True
d2618	Anthony Centracchio	Oak Brook	True
d2620	Jacob Heerbrand	Tübingen	True
d2621	Almon Heath Read	Montrose	True
d2622	Frane Bulić	Zagreb	True
d2624	William Taylor	Washington, D.C.	True
d2625	Gwen Gordy Fuqua	San Diego	True
d2626	John Olguin	San Pedro	True
d2627	Der Scutt	Manhattan	True
d2629	Jacques de Billy	Dijon	True
d2630	Henry Bidleman Bascom	Louisville	True
d2631	David Nelson Beach	Southington	True
d2632	George Van Raemdonck	Antwerp	True
d2634	Ola Hansson	Turkey	True
d2635	Stephen Haynes	Brooklyn	True
d2639	Tanfield Vachell	Reading	True
d2640	Mary J. Rathbun	Washington, D.C.	True
d2641	Jeffrey Bernard	Soho	True
d2642	Eliza Howland	Newport	True
d2644	William Bradshaw	Bath	True
d2645	Otto Jaffe	London	True
d2646	Peter Folger	Nantucket	True
d2647	Nzo Ekangaki	Yaoundé	True
d2648	Charles W. Morse	Bath	True
d2649	Choubeila Rached	Tunis	True
d2650	John Creighton	Lunenburg	True
d2651	Norbert van Bloemen	Amsterdam	True
d2653	Wolf Gold	Jerusalem	True
d2654	Francis Mezger	Salzburg	True
d2655	Sir James Lowther, 4th Baronet	London	True
d2656	Jacob Senewell Yost	Pottstown	True
d2658	Enrique Sarasola	Madrid	True
d2659	Kate Aitken	Mississauga	True
d2660	Marie Haupt	Leipzig	True
d2661	Evelyn Barron	Hurstville	True
d2662	Basil Shereghy	Pittsburgh	True
d2663	John I. Nolan	San Francisco	True
d2664	Henry Doulton	London	True
d2665	Carlos Santana Becerra	San Juan	True
d2666	Joe Morris Sr.	Loma Linda	True
d2667	Moses Aaron Richardson	Adelaide	True
d2669	Thomas Grinfield	Clifton	True
d2670	Karl von Crämer	Nuremberg	True
d2671	Pieter Arnout Dijxhoorn	Rotterdam	True
d2672	Joaquina Maria Mercedes Barcelo Pages	Manila	True
d2673	James Oneal	Seattle	True
d2675	William Cobbold	West Wratting	True
d2676	Percy Dwight Siverd	Cleveland	True
d2677	Charles Logasa	The Michelangelo	True
d2678	Leif Utne	Haukeland University Hospital	True
d2679	Samuel Spring	Newburyport	True
d2681	James Aitken	Hove	True
d2682	Leo Holub	Noe Valley	True
d2683	Newton W. Nutting	Oswego County, New York	True
d2684	Amy Evans	Baltimore	True
d2685	David Merrick	London	True
d2686	Alexander Abercromby, Lord Abercromby	Exmouth	True
d2687	Bent Peder Rasch	Vancouver	True
d2688	Francis North, 4th Earl of Guilford	Pisa	True
d2689	Simon Greenleaf	Cambridge, Massachusetts	True
d2690	Eula Beal	Napa County, California	True
d2691	Phineas Lovett	Annapolis Royal	True
d2692	George Arthur French	London	True
d2693	John Winslow	Hingham	True
d2694	Benjamin Moran	Essex	True
d2695	Henry M. Kimball	Kalamazoo	True
d2696	César Jaroslavsky	Buenos Aires	True
d2697	Sir Richard Hoare, 2nd Baronet	Stourhead	True
d2701	Jason	Sparta	True
d2702	Henry Glemham	Glemham Hall	True
d2703	Federico Johow	Valparaíso	True
d2704	Francis Ashley	Serjeant's Inn	True
d2705	Olavi Paavolainen	Helsinki	True
d2706	Simon Gregorčič	Gorizia	True
d2707	Charles Collier Michell	Eltham	True
d2708	John Stewart	Petersham	True
d2709	William Hounsell	Bridport	True
d2711	Edmund Augustus Blundell	Harrogate	True
d2712	Umberto Sclanizza	Venice	True
d2713	William Cumin	Bath	True
d2715	Thomas Gilbert	Oxford	True
d2718	Douglas Dollarhide	Northridge	True
d2720	Charles Elmé Francatelli	Eastbourne	True
d2721	Rudolf Kingslake	Rochester, New York	True
d2722	Morton Deyo	Kittery Point	True
d2723	Thomas Draper	New York City	True
d2724	Roger Wolcott	Windsor	True
d2725	Richard Corney Grain	Marylebone	True
d2726	John Kidd	Campbelltown, New South Wales	True
d2728	John Sage	Edinburgh	True
d2729	Samuel Crane	Prescott	True
d2730	Heinrich Besseler	Leipzig	True
d2731	Winifred Lawson	London	True
d2733	Sir Charles Sedley, 5th Baronet	Hampstead	True
d2734	Otto Degener	Honolulu	True
d2736	Elbridge Durbrow	Walnut Creek	True
d2737	Arthur Wrigley	Stockport	True
d2738	Paul V. Yoder	Hendersonville	True
d2739	Lorenzo Cozza	Rome	True
d2740	John J. Phillips	Palm Springs	True
d2741	Alfred Whitman	Annapolis Royal	True
d2742	C. R. Narayan Rao	Bangalore	True
d2743	Arthur C. Morgan	Shreveport	True
d2744	Jacob Struve	Altona, Hamburg	True
d2745	John Lyons	England	True
d2747	John Hamilton	Kingston	True
d2748	Zahara Schatz	Jerusalem	True
d2749	Friedrich Boser	Düsseldorf	True
d2750	William Crawford	Mobile County, Alabama	True
d2751	Paul Luther	Leipzig	True
d2752	John Gilroy	Guildford	True
d2753	Johannes Vasaeus	Salamanca	True
d2755	Mahabat Khan	Deccan Plateau	True
d2757	Herbert Bostock	Ilkeston	True
d2758	Benjamin Bates II	Little Missenden	True
d2759	Antonio de Trueba	Bilbao	True
d2760	Henry Frick	Washington, D.C.	True
d2761	Benjamin Wier	Ottawa	True
d2762	John Wall	Bath	True
d2764	William Williams	Buffalo	True
d2766	Georges Briard	New York City	True
d2767	James Coody Johnson	Wewoka	True
d2768	Jay Le Fevre	Kingston	True
d2769	Antoine Ouilmette	Council Bluffs	True
d2770	Claus Winter Hjelm	Oslo	True
d2771	Mauritz A. Hallgren	Baltimore	True
d2772	Paul Griffin	New York City	True
d2773	Timothy Gilbert	Boston	True
d2774	William Terry Couch	Charlottesville	True
d2775	Robert Dickson	Greater Sudbury	True
d2776	Robert O. Lowery	Manhattan	True
d2777	Albert G. Rutherford	Washington, D.C.	True
d2779	Richard Bassett	Colwinston	True
d2780	Arthur E. Powell	United States	True
d2781	Henry Potter	Fayetteville	True
d2783	Austregésilo de Athayde	Rio de Janeiro	True
d2784	Henry Wilson	Allentown	True
d2785	Abraham Plessner	Moscow	True
d2786	Mary M. Frasier	Athens	True
d2787	Charles Constantine	California	True
d2788	Emmanuel Taylor Gordon	White Sulphur Springs	True
d2789	Lodovico Leoni	Rome	True
d2791	Robert T. Connor	Fort Belvoir	True
d2792	Heinrich Gottfried von Mattuschka	Byczyna	True
d2794	Anne Rogers Clark	Wilmington	True
d2798	George G. McWhorter	Santa Rosa County, Florida	True
d2799	Lucy Toulmin Smith	Oxford	True
d2801	John Allen	London Borough of Hackney	True
d2802	John Flavel	Exeter	True
d2803	Thomas Gaddis	Union Township	True
d2804	Marian Pankowski	Brussels	True
d2807	Elmer Henry Maytag	Lake Geneva	True
d2808	Evelyn Suart	London	True
d2809	Frank H. Ellis	North Vancouver	True
d2810	Elliott Cresson	Philadelphia	True
d2812	Stella Roman	New York City	True
d2814	William Murray	Goshen	True
d2815	Pericles A. Sakellarios	Athens	True
d2816	Sakthan Thampuran	Trichur	True
d2817	Edward Burd Hubley	Philadelphia	True
d2818	William Adcock	Kew Vic	True
d2820	Alfred Foster	Sandringham	True
d2821	Alexander Baker	London	True
d2823	Thomas Jefferson Withers	Camden	True
d2824	Henry Emlyn	Windsor	True
d2825	Charles Stewart	Bordentown	True
d2826	John R. Farr	Scranton	True
d2827	José de Cieza	Madrid	True
d2828	William Higgins	Grafton Street	True
d2829	James Hargreaves	Widnes	True
d2830	Naukane	Fort Vancouver	True
d2831	Manuel Carpio	Mexico City	True
d2832	Alfred William Howitt	Bairnsdale	True
d2833	Nikolay Tess	Riga	True
d2835	Frank M. Coffin	Maine Medical Center	True
d2836	Henry E. Dixey	Atlantic City	True
d2837	Charles Toppin	Great Malvern	True
d2840	Leicester Silk Buckingham	Margate	True
d2841	Robert Walker	British Columbia	True
d2842	Bebu Silvetti	Coral Gables	True
d2843	Leo Schrade	Spéracèdes	True
d2844	Jefferson Lowndes	Liverpool	True
d2845	Art Murakowski	Hammond	True
d2846	Collis Featherstone	Kathmandu	True
d2847	Henry Langtry	Marylebone	True
d2848	Albert Laessle	Miami	True
d2849	Alonzo Sánchez	Alcalá de Henares	True
d2852	Victor Murdock	Wichita	True
d2854	Ludger Duvernay	Montreal	True
d2855	Rip Reukema	Milwaukee	True
d2857	Ruth Hamilton	Orlando, Florida	True
d2858	Nicholas Wotton	London	True
d2859	Asa and Lucy Goodale Thurston	Honolulu	True
d2860	Tobias Andreae	Munich	True
d2862	Sir Francis Seymour, 1st Baronet	Kensington Palace	True
d2863	Florence Reece	Knoxville	True
d2865	Paul Jorgensen	Port Arthur	True
d2866	Charles Secrétan	Lausanne	True
d2867	Benjamin Harrison Eaton	Greeley	True
d2868	Forrest Fulton	Sheringham	True
d2869	Frederick C. Hicks	Washington, D.C.	True
d2870	Joseph White	Christ Church, Oxford	True
d2872	George Pettibone	Denver	True
d2873	András Sütő	Budapest	True
d2874	Charles M. Teague	Santa Paula	True
d2876	Marian Hannah Winter	Paris	True
d2878	Isaac Royall Jr.	England	True
d2879	Antonio Castrejon	Madrid	True
d2880	William Richard Williams	Banstead	True
d2882	Jules Eichorn	Redwood City	True
d2883	Howard Lincoln Hodgkins	Washington, D.C.	True
d2884	Joseph P. Dyer	Sacramento	True
d2885	T. O. Honiball	Montagu	True
d2886	Thomas Lydiat	Alkerton, Oxfordshire	True
d2887	Benjamin Cutter	Boston	True
d2888	Stephen Codman	Quebec City	True
d2890	John Conrad Bucher	Harrisburg	True
d2891	Gabriel Nicolas de la Reynie	Paris	True
d2892	Ramón Barquín	Guaynabo	True
d2893	Ruzbihan Baqli	Shiraz	True
d2894	Sebastiano Baggio	Rome	True
d2895	Dudley Randall	Southfield	True
d2896	George W. Melville	Philadelphia	True
d2899	Charles Daoust	Montreal	True
d2900	Jens Quistgaard	Vordingborg	True
d2901	Wallace Markfield	Roslyn	True
d2902	Éloi Guillemette	Sherbrooke	True
d2903	Nini Haslund Gleditsch	Oslo	True
d2904	Arthur Siegel	Manhattan	True
d2905	George Alexander Hamilton	Dún Laoghaire	True
d2906	Evarts Worcester Farr	Littleton	True
d2907	Roger Conant	Beverly	True
d2908	Vsevolod of Pskov	Pskov	True
d2910	William Peery	Lewes	True
d2911	Thomas Dermer	Virginia	True
d2912	James Idwal Jones	Ponciau	True
d2913	Eleanor Glencross	Cremorne	True
d2914	John Purdy	Taree	True
d2915	Calvin Rutstrum	Osceola	True
d2916	Julian Howard Ashton	New South Wales	True
d2917	Dirk Hannema	Wijhe	True
d2918	Stanisław Grzesiuk	Warsaw	True
d2919	Harold Knerr	Manhattan	True
d2920	George Tankard Garrison	Accomac	True
d2921	Robert Schommer	La Serena	True
d2922	Francis Adorno	Genoa	True
d2923	Garrett Droppers	Williamstown	True
d2924	Michael Angelo Saltarelli	Wilmington	True
d2926	Colin Campbell	Weymouth	True
d2927	Georgy Adamovich	Nice	True
d2928	Elizabeth O'Conner	Atherton	True
d2929	David Croft	Portugal	True
d2930	Nathaniel Cotton	St Albans	True
d2931	William H. Armstrong	Kent	True
d2932	Richard Coulter	Greensburg	True
d2935	Eugene Mallove	Norwich	True
d2936	Albert Goudreau	Sherbrooke	True
d2937	Alexander Ilyinsky	Moscow	True
d2938	Henry D. Lindsley	Dallas	True
d2939	Thomas McCarthy	Sorel	True
d2940	Francis Johnson	Amsterdam	True
d2941	Joshua Coit	New London	True
d2942	Yossi Harel	Tel Aviv	True
d2944	Walter Golaski	Philadelphia	True
d2945	Henry Mason	Wigan	True
d2947	Jesse N. Smith	Snowflake	True
d2948	John Ringling	New York City	True
d2949	Arthur Douglas Peppercorn	Ashtead	True
d2950	Carl E. Mapes	New Orleans	True
d2951	Robert S. Hale	Elizabethtown	True
d2956	John Brown	Haddington	True
d2957	Mark Huish	Isle of Wight	True
d2958	Augustino Oldoini	Perugia	True
d2959	Andrew E. Lee	Vermillion	True
d2960	William James Stillman	Surrey	True
d2961	Henry C. Deming	Hartford	True
d2962	Henry Burk	Philadelphia	True
d2964	Alfred Aberdam	Paris	True
d2965	Dickey Chapelle	South Vietnam	True
d2966	Arthur E. Thompson	Minnesota	True
d2968	William Crake	Hyde Park, London	True
d2970	Benajah Mallory	Lockport , New York	True
d2971	Thomas W. Lamb	New York City	True
d2972	Francis West	Fairfax County, Virginia	True
d2973	Irving Kaufman	Indio	True
d2974	Henrique Galvão	Belo Horizonte	True
d2975	Edwin B. Morgan	Aurora	True
d2976	John A. Whitaker	Russellville	True
d2977	Jeffrey Gilbert	Bath	True
d2978	John Joseph Paul	Franciscan Skemp Medical Center	True
d2979	Haji-Mirza Hassan Roshdieh	Qom	True
d2980	Clarice Mayne	London	True
d2982	Agnes of Courtenay	Acre	True
d2983	Lyman Andrews	Nottingham	True
d2985	Thomas Middleton	Newington Butts	True
d2987	Charles Roden Buxton	Peaslake	True
d2988	Marcel Oopa	Paris	True
d2989	Johan Erik Forsström	Sweden	True
d2990	Sam Franko	New York City	True
d2991	Jacob H. Gilbert	The Bronx	True
d2993	Pierre d'Arc	Orléans	True
d2994	Bullet Joe Simpson	Coral Gables	True
d2995	Frances Burney (1776–1828)	Bath	True
d2996	Paul Hankar	Brussels	True
d2997	Zalmon Wildman	Washington, D.C.	True
d2998	John Renshaw Starr	Switzerland	True
d2999	Gertude Ali Ram	Mussoorie	True
d3000	Gino Penno	Milan	True
d3002	Jules Quicherat	Paris	True
d3003	Charles Vanik	Jupiter	True
d3004	Jean-Baptiste Robert Lindet	Paris	True
d3005	Edward Wakefield	Knightsbridge	True
d3006	Jonathan Bliss	Fredericton	True
d3007	David Lynd	Quebec County, Quebec	True
d3009	George Biddlecombe	Lewisham	True
d3010	Milsom Rees	Kent	True
d3011	James Hunter Samson	Belleville	True
d3012	Abraham Fleming	Bottesford	True
d3013	George Percival Ridout	Toronto	True
d3015	Gennaro Astarita	Rovereto	True
d3016	Frank Charles Wachter	Baltimore	True
d3017	Anthony Johnson Showalter	Chattanooga	True
d3018	Elsa Peterson	Woodland Hills, Los Angeles	True
d3019	Sándor Kónya	Ibiza	True
d3020	David Secord	St Davids	True
d3021	Nikolay Strunnikov	Moscow	True
d3022	Richard Hubberthorne	Newgate Prison	True
d3023	Thomas Fairfax, 9th Lord Fairfax of Cameron	Vaucluse	True
d3024	Shannon J. Wall	Sequim	True
d3025	Enid Lakeman	Kent	True
d3026	Johan Printzensköld	Rønne	True
d3027	Joshua Mathiot	Newark	True
d3028	John James Masquerier	Brighton	True
d3029	Dimitar Agura	Iași	True
d3030	Samuel Stokely	Steubenville	True
d3031	James Henry Gooding	Andersonville National Historic Site	True
d3032	Molly Pitcher	Carlisle	True
d3033	William P. C. Barton	Philadelphia	True
d3036	Lotte Jacobi	Deering, New Hampshire	True
d3037	Stanley Chais	Manhattan	True
d3038	Ronald True	Broadmoor Hospital	True
d3039	Samira Bellil	Paris	True
d3040	Louis J. Wilde	Los Angeles	True
d3041	Daniel Webster Comstock	Washington, D.C.	True
